"","ideophone","meaning","language","category","meaning_NL","meaning_NL_opposite","study","filename","F_redup","F_monosyllabic","F_redupmod","F_closedsyllable","F_vowelquality","F_voice","F_finallength","F_intonation","M_sound","M_distribution","M_irregular","M_weight","M_punctual","M_long","M_abrupt","F_notes_MD","M_notes_MD","F_notes_SP","M_notes_SP","C_modality","C_iterative","C_irregular","C_closure","C_punctual","C_long","C_weight_voice","C_weight_vowel","C_weight_tone","C_aspect","C_length","C_weight","C_magnitude","C_cumulative","C_any1","C_atleast2","C_ternary","score","logodds","score_z","C_simple"
"1","berabera","chatty","Japanese","Sound","spraakzaam","ingetogen","Collabra","berabera",1,0,0,0,0,2,0,1,1,0,0,1,0,0,0,NA,NA,NA,NA,1,0,0,0,0,0,0,0,0,0,0,0,0,1,1,0,1,0.827586206896552,0.944669591394477,0.691484941533503,1
"2","betabeta","clinging","Japanese","Texture","plakkerig","glibberig","Collabra","betabeta",1,0,0,0,0,1,0,1,0,0,0,1,0,0,0,NA,"depends on construal",NA,NA,0,0,0,0,0,0,0,0,0,0,0,0,0,0,0,0,0,0.758620689655172,0.701872595421959,0.204884427121035,0
"3","boroboro","worn out","Japanese","Other","versleten","gloednieuw","Collabra","boroboro",1,0,0,0,2,2,0,1,0,0,0,1,0,0,0,NA,NA,NA,NA,0,0,0,0,0,0,0,0,0,0,0,0,0,0,0,0,0,0.724137931034483,0.595178533333279,-0.0384158300851923,0
"4","bukubuku","fat","Japanese","Shape","mollig","slank","Collabra","bukubuku",1,0,0,0,2,1,0,1,0,0,0,2,0,0,0,NA,NA,NA,NA,0,0,0,0,0,0,0,1,0,0,0,1,1,1,1,0,1,0.862068965517241,1.08966198194611,0.934785198739729,1
"5","buruburu","shivering","Japanese","Motion","rillend","zwetend","Collabra","buruburu",1,0,0,0,2,2,0,1,0,1,0,1,0,1,0,NA,NA,NA,NA,0,1,0,0,0,0,0,0,0,1,0,0,0,1,1,0,1,0.793103448275862,0.8172368220294,0.448184684327268,1
"6","chikuchiku","sharp pain","Japanese","Other","stekend","kloppend","Collabra","chikuchiku",1,0,0,0,1,0,0,1,0,0,0,1,1,0,0,NA,"hard to decide",NA,NA,0,0,0,0,0,0,0,0,0,0,0,0,0,0,0,0,0,0.689655172413793,0.494873163568623,-0.281716087291426,0
"7","chirachira","flickering","Japanese","ColorVisual","flikkerend","schijnend","Collabra","chirachira",1,0,0,0,0,0,0,1,0,1,1,0,0,0,0,NA,NA,NA,NA,0,1,0,0,0,0,1,1,0,1,0,2,1,2,1,1,2,0.758620689655172,0.701872595421959,0.204884427121035,2
"8","debudebu","fat","Japanese","Shape","dik","dun","Collabra","debudebu",1,0,0,0,1,2,0,1,0,0,0,2,0,0,0,NA,NA,NA,NA,0,0,0,0,0,0,1,0,0,0,0,1,1,1,1,0,1,0.827586206896552,0.944669591394477,0.691484941533503,1
"9","dorodoro","muddy","Japanese","Other","vies","schoon","Collabra","dorodoro",1,0,0,0,2,2,0,1,0,0,0,2,0,0,0,NA,NA,NA,NA,0,0,0,0,0,0,1,1,0,0,0,2,1,1,1,0,1,0.655172413793103,0.39932306734955,-0.52501634449766,1
"10","gbììm","thud","Ewe","Sound","boem",NA,"Language","Ewe_1_Sound_org",0,1,0,1,0,2,0,1,1,0,0,2,1,0,1,NA,NA,NA,NA,1,0,0,1,1,0,1,0,0,1,1,1,1,4,1,1,3,0.7,0.524400512708041,0.70980507924032,3
"11","b<U+0254>yib<U+0254>yi","soft+stretchy (e.g. chewing gum or a stretch of skin)","Ewe","Texture","zacht en rekbaar",NA,"Language","Ewe_10_Texture_org",1,0,0,0,1,2,0,1,0,0,0,1,0,0,0,NA,NA,NA,NA,0,0,0,0,0,0,0,0,0,0,0,0,0,0,0,0,0,0.55,0.125661346855074,-0.14451121373755,0
"12","wud<U+0254>wud<U+0254>","soft+flubby","Ewe","Texture","flubberig",NA,"Language","Ewe_11_Texture_org",1,0,0,0,2,2,0,1,0,0,0,2,0,0,0,NA,NA,NA,NA,0,0,0,0,0,0,1,1,0,0,0,2,1,1,1,0,1,0.55,0.125661346855074,-0.14451121373755,1
"13","dzekedzeke","fluffy+furry+","Ewe","Texture","donzig, pluizig",NA,"Language","Ewe_12_Texture_org",1,0,0,0,0,1,0,1,0,0,0,0,0,0,0,NA,NA,"F_voice: dz- (en kp-, gb-, ts-) als 1 voiced consonant",NA,0,0,0,0,0,0,0,1,0,0,0,1,1,1,1,0,1,0.45,-0.125661346855074,-0.714055409056131,1
"14","ƒlatsaƒlatsa","rough, fine grain, like sandpaper","Ewe","Texture","korrelig oppervlak",NA,"Language","Ewe_13_Texture_org",1,0,0,0,1,0,0,1,0,0,0,1,0,0,0,NA,NA,NA,NA,0,0,0,0,0,0,0,0,0,0,0,0,0,0,0,0,0,0.35,-0.385320466407568,-1.28359960437471,0
"15","klitsaklitsa","rough, coarse grain, like a rocky surface","Ewe","Texture","ruw oppervlak",NA,"Language","Ewe_14_Texture_org",1,0,0,0,0,0,0,1,0,0,1,1,0,0,0,NA,NA,NA,NA,0,0,0,0,0,0,0,0,0,0,0,0,0,0,0,0,0,0.35,-0.385320466407568,-1.28359960437471,0
"16","kpra<U+0256>ii","hard, not necessarily rough","Ewe","Texture","hard oppervlak",NA,"Language","Ewe_15_Texture_org",0,0,0,0,0,1,1,1,0,0,0,1,0,0,0,NA,NA,NA,NA,0,0,0,0,0,0,0,0,0,0,0,0,0,0,0,0,0,0.45,-0.125661346855074,-0.714055409056131,0
"17","tsinitsini","smooth","Ewe","Texture","glad oppervlak",NA,"Language","Ewe_16_Texture_org",1,0,0,0,0,1,0,2,0,0,0,1,0,0,0,NA,NA,NA,NA,0,0,0,0,0,0,0,0,0,0,0,0,0,0,0,0,0,0.5,0,-0.429283311396841,0
"18","takataka","walk without care, meandering a bit, scattered walk — “taking strides takataka”","Ewe","Motion","struinen",NA,"Language","Ewe_17_Motion_org",1,0,0,0,1,0,0,1,0,1,1,1,0,1,0,NA,NA,NA,NA,0,1,0,0,0,0,0,0,0,1,0,0,0,1,1,0,1,0.3,-0.524400512708041,-1.568371702034,1
"19","ka ka ka","to walk straight in clear steps","Ewe","Motion","doelgericht lopen",NA,"Language","Ewe_18_Motion_org",1,0,0,0,1,0,0,1,0,1,0,1,0,1,0,NA,NA,NA,NA,0,1,0,0,0,0,0,0,0,1,0,0,0,1,1,0,1,0.7,0.524400512708041,0.70980507924032,1
"20","lúm<U+0254>lúm<U+0254>","the hurried running of small animals","Ewe","Motion","snel trippelen",NA,"Language","Ewe_19_Motion_org",1,0,0,0,2,2,0,2,0,1,0,0,0,1,0,NA,NA,NA,NA,0,1,0,0,0,0,0,0,1,1,0,1,1,2,1,1,2,0.55,0.125661346855074,-0.14451121373755,2
"21","kpa","sound of a slap","Ewe","Sound","geluid van een mep",NA,"Language","Ewe_2_Sound_org",0,1,0,0,1,0,0,1,1,0,0,0,1,0,1,NA,NA,NA,NA,1,0,0,0,1,0,1,0,0,1,0,1,1,3,1,1,3,0.7,0.524400512708041,0.70980507924032,3
"22","kodzokodzo","walk with the body bent forward","Ewe","Motion","voorovergebogen lopen",NA,"Language","Ewe_20_Motion_org",1,0,0,0,2,1,0,1,0,1,0,1,0,1,0,NA,NA,NA,NA,0,1,0,0,0,0,0,0,0,1,0,0,0,1,1,0,1,0.45,-0.125661346855074,-0.714055409056131,1
"23","kpa<U+0256>ikpa<U+0256>i","walking with limbs closely together","Ewe","Motion","met je benen dicht bij elkaar lopen",NA,"Language","Ewe_21_Motion_org",1,0,0,0,0,1,0,1,0,1,0,1,0,1,0,NA,NA,NA,NA,0,1,0,0,0,0,0,0,0,1,0,0,0,1,1,0,1,0.3,-0.524400512708041,-1.568371702034,1
"24","gbl<U+0254>d<U+0254><U+0254>","walk slowly, weakly","Ewe","Motion","sjokken",NA,"Language","Ewe_22_Motion_org",0,0,0,0,2,2,1,1,0,1,0,2,0,1,0,NA,NA,NA,NA,0,0,0,0,0,1,1,1,0,0,1,2,1,2,1,1,2,0.65,0.385320466407568,0.42503298158103,1
"25","tyatya","walk (or do sth) fast","Ewe","Motion","snel wandelen",NA,"Language","Ewe_23_Motion_org",1,0,0,0,1,0,0,1,0,1,0,1,0,1,0,NA,NA,NA,NA,0,1,0,0,0,0,0,0,0,1,0,0,0,1,1,0,1,0.8,0.841621233572914,1.2793492745589,1
"26","gelegele","rolling (of a log), where vowel quality modifies size","Ewe","Motion","rollen van iets langs (b.v. een boomstam)",NA,"Language","Ewe_24_Motion_org",1,0,0,0,0,2,0,2,0,1,0,1,0,1,0,NA,NA,NA,NA,0,1,0,0,0,0,0,0,0,1,0,0,0,1,1,0,1,0.65,0.385320466407568,0.42503298158103,1
"27","tolitoli","rolling (of a spherical object)","Ewe","Motion","rollen van iets rongs (b.v. een voetbal)",NA,"Language","Ewe_25_Motion_org",1,0,0,0,1,0,0,1,0,1,0,1,0,1,0,NA,NA,NA,NA,0,1,0,0,0,0,0,0,0,1,0,0,0,1,1,0,1,0.6,0.2533471031358,0.14026088392174,1
"28","bulubulu","walking without looking where one is going","Ewe","Motion","lopen zonder te kijken",NA,"Language","Ewe_26_Motion_org",1,0,0,0,2,2,0,1,0,1,0,1,0,1,0,NA,NA,NA,NA,0,1,0,0,0,0,0,0,0,1,0,0,0,1,1,0,1,0.4,-0.2533471031358,-0.998827506715421,1
"29","kplakplakpla","walking hurriedly","Ewe","Motion","gehaast lopen",NA,"Language","Ewe_27_Motion_org",1,0,0,0,1,0,0,1,0,1,0,1,0,1,0,NA,NA,NA,NA,0,1,0,0,0,0,0,0,0,1,0,0,0,1,1,0,1,0.45,-0.125661346855074,-0.714055409056131,1
"30","to<U+0256>oo","round","Ewe","Shape","ronde vorm",NA,"Language","Ewe_28_Shape_org",0,0,0,0,2,1,1,1,0,0,0,1,0,0,0,NA,NA,NA,NA,0,0,0,0,0,0,0,0,0,0,0,0,0,0,0,0,0,0.5,0,-0.429283311396841,0
"31","gl<U+0254>m<U+0254><U+0254>","with a bulge somewhere, deviating from spherical","Ewe","Shape","uitpuilende vorm",NA,"Language","Ewe_29_Shape_org",0,0,0,0,2,2,1,1,0,0,1,2,0,0,0,NA,NA,NA,NA,0,0,0,0,0,0,1,1,0,0,0,2,1,1,1,0,1,0.7,0.524400512708041,0.70980507924032,1
"32","kpo","sound of falling","Ewe","Sound","geluid van iets vallends",NA,"Language","Ewe_3_Sound_org",0,1,0,0,2,0,0,1,1,0,0,1,1,0,1,NA,NA,NA,NA,1,0,0,0,1,0,0,0,0,1,0,0,0,2,1,1,2,0.5,0,-0.429283311396841,2
"33","l<U+025B>gb<U+025B><U+025B>","long","Ewe","Shape","lange vorm",NA,"Language","Ewe_30_Shape_org",0,0,0,0,0,2,1,1,0,0,0,1,0,1,0,NA,NA,NA,NA,0,0,0,0,0,1,0,0,0,0,1,0,0,1,1,0,1,0.6,0.2533471031358,0.14026088392174,0
"34","dz<U+0254>vuu","bloated, raised+spongy aspect to it","Ewe","Shape","opgezwollen, sponzige vorm",NA,"Language","Ewe_31_Shape_org",0,0,0,0,2,2,1,1,0,0,0,2,0,0,0,NA,NA,NA,NA,0,0,0,0,0,0,1,1,0,0,0,2,1,1,1,0,1,0.8,0.841621233572914,1.2793492745589,1
"35","l<U+0254>b<U+0254><U+0254>","long+rounded","Ewe","Shape","lang en ronde vorm",NA,"Language","Ewe_32_Shape_org",0,0,0,0,2,2,1,1,0,0,0,1,0,1,0,NA,NA,NA,NA,0,0,0,0,0,1,0,0,0,0,1,0,0,1,1,0,1,0.55,0.125661346855074,-0.14451121373755,0
"36","prontoe","the protruding pointy tummy of a pregnant woman","Ewe","Shape","vorm van een  hoogzwangere buik",NA,"Language","Ewe_33_Shape_org",0,0,0,0,2,0,1,2,0,0,0,2,0,0,0,NA,NA,NA,NA,0,0,0,0,0,0,0,1,0,0,0,1,1,1,1,0,1,0.6,0.2533471031358,0.14026088392174,1
"37","goroo","round+spherical","Ewe","Shape","bolvormig",NA,"Language","Ewe_34_Shape_org",0,0,0,0,2,2,1,1,0,0,0,1,0,0,0,NA,NA,NA,NA,0,0,0,0,0,0,0,0,0,0,0,0,0,0,0,0,0,0.65,0.385320466407568,0.42503298158103,0
"38","falefale","thin+flat (e.g. leaf, piece of paper)","Ewe","Shape","dun en plat (b.v. papier)",NA,"Language","Ewe_35_Shape_org",1,0,0,0,0,0,0,1,0,0,0,0,0,0,0,NA,NA,NA,NA,0,0,0,0,0,0,1,1,0,0,0,2,1,1,1,0,1,0.75,0.674489750196082,0.994577176899611,1
"39","fitaa/futaa","purely white","Ewe","ColorVisual","sneeuwwit (perfect wit)",NA,"Language","Ewe_36_ColorVisual_org",0,0,0,0,1,0,1,2,0,0,0,0,0,0,0,NA,NA,NA,NA,0,0,0,0,0,0,1,0,1,0,0,2,1,1,1,0,1,0.65,0.385320466407568,0.42503298158103,1
"40","yib<U+0254><U+0254>","black","Ewe","ColorVisual","pikzwart",NA,"Language","Ewe_37_ColorVisual_org",0,0,0,0,1,2,1,1,0,0,0,2,0,0,0,NA,NA,"F_vowelquality: lange <<U+0254><U+0254>> heb ik als 1 klinker beschouwd",NA,0,0,0,0,0,0,1,0,0,0,0,1,1,1,1,0,1,0.5,0,-0.429283311396841,1
"41","h<U+025B>~<U+025B>~<U+025B>~","focal red","Ewe","ColorVisual","knalrood",NA,"Language","Ewe_38_ColorVisual_org",0,1,0,0,0,0,1,1,0,0,0,1,0,0,0,NA,NA,"F_voice: h als voiced consonant in Ewe, dus mostly voiced (2).",NA,0,0,0,0,0,0,0,0,0,0,0,0,0,0,0,0,0,0.45,-0.125661346855074,-0.714055409056131,0
"42","kpííí","light greyish","Ewe","ColorVisual","lichtgrijs",NA,"Language","Ewe_39_ColorVisual_org",0,1,0,0,0,0,1,1,0,0,0,0,0,0,0,NA,NA,NA,NA,0,0,0,0,0,0,1,1,0,0,0,2,1,1,1,0,1,0.6,0.2533471031358,0.14026088392174,1
"43","kpótókpótó","sound of small drum","Ewe","Sound","geluid van een trommeltje",NA,"Language","Ewe_4_Sound_org",1,0,0,0,2,0,0,1,1,1,0,1,0,0,0,NA,"M_distribution: translation suggests punctuality but should have been ""sound of playing a small drum""",NA,NA,1,1,0,0,0,0,0,0,0,1,0,0,0,2,1,1,2,0.9,1.2815515655446,1.84889346987748,2
"44","mumu","green-fresh (of young leaves)","Ewe","ColorVisual","lichtgroen van jonge bladeren",NA,"Language","Ewe_40_ColorVisual_org",1,0,0,0,2,2,0,1,0,0,0,0,0,0,0,NA,NA,NA,NA,0,0,0,0,0,0,0,0,0,0,0,0,0,0,0,0,0,0.4,-0.2533471031358,-0.998827506715421,0
"45","wãtãwãtã","spotted","Ewe","ColorVisual","gestippeld",NA,"Language","Ewe_41_ColorVisual_org",1,0,0,0,1,0,0,1,0,1,1,1,0,0,0,NA,NA,NA,NA,0,1,0,0,0,0,0,0,0,1,0,0,0,1,1,0,1,0.7,0.524400512708041,0.70980507924032,1
"46","mlámlá","shiny","Ewe","ColorVisual","glanzend,  glimmend",NA,"Language","Ewe_42_ColorVisual_org",1,0,0,0,1,2,0,2,0,0,0,0,0,0,0,NA,NA,NA,NA,0,0,0,0,0,0,0,0,1,0,0,1,1,1,1,0,1,0.7,0.524400512708041,0.70980507924032,1
"47","gblóó","falling flat","Ewe","Sound","geluid van iets dat plat neervalt",NA,"Language","Ewe_5_Sound_org",0,1,0,0,2,2,1,1,1,0,0,1,1,0,1,NA,NA,NA,NA,1,0,0,0,1,0,0,0,0,1,0,0,0,2,1,1,2,0.6,0.2533471031358,0.14026088392174,2
"48","gbóvúú","falling in an uneven way (e.g. knees first)","Ewe","Sound","geluid van iets in elkaar zakkends",NA,"Language","Ewe_6_Sound_org",0,0,0,0,2,2,0,1,1,0,1,1,1,0,0,NA,NA,"f_finalvowel: wel (1) volgens transcriptie, maar niet goed te horen in audiofile",NA,1,0,0,0,0,0,0,0,0,0,0,0,0,1,1,0,1,0.7,0.524400512708041,0.70980507924032,1
"49","hoo","sound of crying out (often repeated)","Ewe","Sound","geluid van een kreet, schreeuw",NA,"Language","Ewe_7_Sound_org",0,1,0,0,2,0,1,1,1,0,0,1,1,0,0,NA,NA,NA,NA,1,0,0,0,1,0,0,0,0,1,0,0,0,2,1,1,2,0.6,0.2533471031358,0.14026088392174,2
"50","butubutu","sound of mumbling voice","Ewe","Sound","gemompel",NA,"Language","Ewe_8_Sound_org",1,0,0,0,2,1,0,1,1,1,0,1,0,0,0,NA,NA,NA,NA,1,1,0,0,0,0,0,0,0,1,0,0,0,2,1,1,2,0.65,0.385320466407568,0.42503298158103,2
"51","b<U+0254>l<U+0254>b<U+0254>l<U+0254>","soft+malleable (e.g. the belly of a fat person, a cushion)","Ewe","Texture","zacht en plooibaar",NA,"Language","Ewe_9_Texture_org",1,0,0,0,2,2,0,1,0,0,0,1,0,0,0,NA,NA,NA,NA,0,0,0,0,0,0,0,0,0,0,0,0,0,0,0,0,0,0.65,0.385320466407568,0.42503298158103,0
"52","furafura","dizzy","Japanese","Other","duizelig","stabiel","Collabra","furafura",1,0,0,0,2,0,0,1,0,0,0,1,0,0,0,NA,NA,NA,NA,0,0,0,0,0,0,0,0,0,0,0,0,0,0,0,0,0,0.827586206896552,0.944669591394477,0.691484941533503,0
"53","fuwafuwa","fluffy","Japanese","Texture","pluizig","houtig","Collabra","fuwafuwa",1,0,0,0,2,0,0,1,0,0,0,0,0,0,0,NA,NA,NA,NA,0,0,0,0,0,0,1,0,0,0,0,1,1,1,1,0,1,0.931034482758621,1.4835398594013,1.4213857131522,1
"54","gayagaya","noisy","Japanese","Sound","lawaaiig","ingehouden","Collabra","gayagaya",1,0,0,0,1,2,0,1,1,1,1,1,0,0,0,NA,NA,NA,NA,1,1,0,0,0,0,0,0,0,1,0,0,0,2,1,1,2,0.827586206896552,0.944669591394477,0.691484941533503,2
"55","gochagocha","messy","Japanese","Other","rommelig","opgeruimd","Collabra","gochagocha",1,0,0,0,2,1,0,1,0,1,1,1,0,0,0,NA,NA,NA,NA,0,1,0,0,0,0,0,0,0,1,0,0,0,1,1,0,1,0.586206896551724,0.217798379927398,-1.01161685891012,1
"56","gokugoku","gulping","Japanese","Sound","slokkend","nippend","Collabra","gokugoku",1,0,0,0,2,1,0,1,1,1,0,1,0,0,0,NA,"aspect hard to decide",NA,NA,1,1,0,0,0,0,0,0,0,1,0,0,0,2,1,1,2,0.931034482758621,1.4835398594013,1.4213857131522,2
"57","gowagowa","stiff","Japanese","Texture","stijf","soepel","Collabra","gowagowa",1,0,0,0,2,2,0,1,0,0,0,1,0,0,0,NA,NA,NA,NA,0,0,0,0,0,0,0,0,0,0,0,0,0,0,0,0,0,0.482758620689655,-0.0432311911528176,-1.74151763052882,0
"58","harahara","nervous","Japanese","Other","ongedurig","ontspannend","Collabra","harahara",1,0,0,0,1,0,0,1,0,0,0,1,0,0,0,NA,NA,NA,NA,0,0,0,0,0,0,0,0,0,0,0,0,0,0,0,0,0,0.551724137931034,0.130018583307083,-1.25491711611635,0
"59","hetoheto","exhausted","Japanese","Other","afgemat","uitgerust","Collabra","hetoheto",1,0,0,0,1,0,0,1,0,0,0,1,0,0,0,NA,NA,NA,NA,0,0,0,0,0,0,0,0,0,0,0,0,0,0,0,0,0,0.862068965517241,1.08966198194611,0.934785198739729,0
"60","hikuhiku","twitchy","Japanese","Motion","geagiteerd","onbewogen","Collabra","hikuhiku",1,0,0,0,1,0,0,1,0,0,1,1,0,0,0,NA,NA,NA,NA,0,0,0,0,0,0,0,0,0,0,0,0,0,0,0,0,0,0.758620689655172,0.701872595421959,0.204884427121035,0
"61","hisohiso","whispering","Japanese","Sound","fluisterend","roepend","Collabra","hisohiso",1,0,0,0,1,0,0,1,1,1,0,0,0,1,0,NA,NA,NA,NA,1,1,0,0,0,0,1,0,0,1,0,1,1,3,1,1,3,0.96551724137931,1.81864559285006,1.66468597035842,3
"62","hiyahiya","terrified","Japanese","Other","benauwd","moedig","Collabra","hiyahiya",1,0,0,0,0,0,0,1,0,0,0,1,0,0,0,NA,NA,NA,NA,0,0,0,0,0,0,0,0,0,0,0,0,0,0,0,0,0,0.413793103448276,-0.217798379927398,-2.22811814494128,0
"63","hokahoka","steaming hot","Japanese","Other","dampend","afgekoeld","Collabra","hokahoka",1,0,0,0,2,0,0,1,0,1,0,1,0,0,0,NA,NA,NA,NA,0,1,0,0,0,0,0,0,0,1,0,0,0,1,1,0,1,0.724137931034483,0.595178533333279,-0.0384158300851923,1
"64","wan wan","dog barking","Japanese","Sound","geluid van een blaffende hond",NA,"Language","Japanese_1_Sound_org",1,0,0,1,1,2,0,1,1,1,0,1,0,0,1,NA,NA,NA,NA,1,1,0,1,0,0,0,0,0,1,1,0,0,3,1,1,3,0.8,0.841621233572914,1.2793492745589,2
"65","pon","plop, like opening a beer bottle","Japanese","Sound","ploppend geluid",NA,"Language","Japanese_10_Sound_org",0,1,0,1,2,1,0,2,1,0,0,1,1,0,1,NA,NA,NA,NA,1,0,0,1,1,0,0,0,0,1,1,0,0,3,1,1,3,0.95,1.64485362695147,2.13366556753677,2
"66","zaa zaa","sound of rain, shower","Japanese","Sound","kletterend geluid",NA,"Language","Japanese_11_Sound_org",1,0,0,0,1,2,0,1,1,1,0,1,0,0,0,NA,NA,NA,NA,1,1,0,0,0,0,0,0,0,1,0,0,0,2,1,1,2,0.4,-0.2533471031358,-0.998827506715421,2
"67","fuwafuwa","fluffy","Japanese","Texture","donzig, pluizig",NA,"Language","Japanese_12_Texture_org",1,0,0,0,2,0,0,1,0,0,0,0,0,0,0,NA,NA,NA,"M_weight: dingen als donzig heb ik als (2) gedaan, ook al is het ook wel licht meestal, maar focus ligt hier voor mij op het zachte",0,0,0,0,0,0,1,0,0,0,0,1,1,1,1,0,1,0.85,1.03643338949379,1.56412137221819,1
"68","pasapasa","dry, brittle","Japanese","Texture","broos",NA,"Language","Japanese_13_Texture_org",1,0,0,0,1,0,0,1,0,0,0,0,0,0,0,NA,NA,NA,NA,0,0,0,0,0,0,1,0,0,0,0,1,1,1,1,0,1,0.75,0.674489750196082,0.994577176899611,1
"69","nebaneba","sticky","Japanese","Texture","kleverig",NA,"Language","Japanese_14_Texture_org",1,0,0,0,0,2,0,1,0,0,0,1,0,0,0,NA,NA,NA,NA,0,0,0,0,0,0,0,0,0,0,0,0,0,0,0,0,0,0.5,0,-0.429283311396841,0
"70","gitogito","being oily","Japanese","Texture","glibberig",NA,"Language","Japanese_15_Texture_org",1,0,0,0,1,1,0,1,0,0,0,1,0,0,0,NA,NA,NA,NA,0,0,0,0,0,0,0,0,0,0,0,0,0,0,0,0,0,0.55,0.125661346855074,-0.14451121373755,0
"71","tsuru tsuru","slippery, smooth surface","Japanese","Texture","glad (zoals ijs is)",NA,"Language","Japanese_16_Texture_org",1,0,0,0,2,0,0,1,0,0,0,1,0,0,0,NA,NA,NA,NA,0,0,0,0,0,0,0,0,0,0,0,0,0,0,0,0,0,0.5,0,-0.429283311396841,0
"72","deko boko","bumpy","Japanese","Texture","hobbelig",NA,"Language","Japanese_17_Texture_org",1,0,1,0,2,1,0,1,0,1,1,1,0,0,0,"F_partialredup: count as full with vowel mod or as partial?",NA,NA,NA,0,1,1,0,0,0,0,0,0,1,0,0,0,2,1,1,2,0.75,0.674489750196082,0.994577176899611,1
"73","kachi kachi","sehr hart","Japanese","Texture","heel hard oppervlak",NA,"Language","Japanese_18_Texture_org",1,0,0,0,0,0,0,1,0,0,0,1,0,0,0,NA,NA,NA,NA,0,0,0,0,0,0,0,0,0,0,0,0,0,0,0,0,0,0.6,0.2533471031358,0.14026088392174,0
"74","sarasara","smooth, (hair)","Japanese","Texture","glad, soepel",NA,"Language","Japanese_19_Texture_org",1,0,0,0,1,0,0,1,0,0,0,1,0,0,0,NA,NA,NA,NA,0,0,0,0,0,0,0,0,0,0,0,0,0,0,0,0,0,0.55,0.125661346855074,-0.14451121373755,0
"75","choki choki","scissors snipping","Japanese","Sound","geluid van een knippende schaar",NA,"Language","Japanese_2_Sound_org",1,0,0,0,1,0,0,1,1,1,0,1,0,0,0,NA,NA,NA,NA,1,1,0,0,0,0,0,0,0,1,0,0,0,2,1,1,2,0.75,0.674489750196082,0.994577176899611,2
"76","nurunuru","slimy","Japanese","Texture","slijmerig",NA,"Language","Japanese_20_Texture_org",1,0,0,0,2,2,0,1,0,0,0,1,0,0,0,NA,NA,NA,NA,0,0,0,0,0,0,0,0,0,0,0,0,0,0,0,0,0,0.5,0,-0.429283311396841,0
"77","zarazara","rough","Japanese","Texture","ruw",NA,"Language","Japanese_21_Texture_org",1,0,0,0,1,2,0,1,0,0,1,1,0,0,0,NA,NA,NA,NA,0,0,0,0,0,0,0,0,0,0,0,0,0,0,0,0,0,0.7,0.524400512708041,0.70980507924032,0
"78","kyutto","schnell und fest schnüren","Japanese","Motion","secuur vastknopen",NA,"Language","Japanese_22_Motion_org",0,0,0,0,2,0,0,2,0,0,0,1,0,0,0,NA,NA,NA,NA,0,0,0,0,0,0,0,0,0,0,0,0,0,0,0,0,0,0.7,0.524400512708041,0.70980507924032,0
"79","sa satto","acting fast","Japanese","Motion","snel handelen",NA,"Language","Japanese_23_Motion_org",0,0,0,0,2,0,0,1,0,0,0,1,0,0,0,NA,NA,NA,NA,0,0,0,0,0,0,0,0,0,0,0,0,0,0,0,0,0,0.75,0.674489750196082,0.994577176899611,0
"80","pyon pyon","manner of jumping or hopping repeatedly","Japanese","Motion","(blijven) huppelen",NA,"Language","Japanese_24_Motion_org",1,0,0,1,2,1,0,1,0,1,0,1,0,1,0,NA,NA,NA,NA,0,1,0,0,0,0,0,0,0,1,0,0,0,1,1,0,1,0.6,0.2533471031358,0.14026088392174,1
"81","yurayura","sway to and fro","Japanese","Motion","heen en weer slingeren",NA,"Language","Japanese_25_Motion_org",1,0,0,0,2,1,0,1,0,1,0,1,0,1,0,NA,NA,NA,NA,0,1,0,0,0,0,0,0,0,1,0,0,0,1,1,0,1,0.65,0.385320466407568,0.42503298158103,1
"82","fuwari","floating, drifting lightly","Japanese","Motion","drijven, zweven",NA,"Language","Japanese_26_Motion_org",0,0,0,0,1,0,0,1,0,0,0,0,0,1,0,NA,NA,NA,NA,0,0,0,0,0,0,1,0,0,0,0,1,1,1,1,0,1,0.5,0,-0.429283311396841,1
"83","daradara","langsame bewegung","Japanese","Motion","langzame beweging, lui",NA,"Language","Japanese_27_Motion_org",1,0,0,0,1,2,0,1,0,0,0,2,0,1,0,NA,NA,NA,NA,0,0,0,0,0,0,1,0,0,0,0,1,1,1,1,0,1,0.15,-1.03643338949379,-2.42268799501187,1
"84","gorogoro","drehend, sich rollend","Japanese","Motion","draaiend, rollend",NA,"Language","Japanese_28_Motion_org",1,0,0,0,2,2,0,1,0,1,0,1,0,1,0,NA,NA,NA,NA,0,1,0,0,0,0,0,0,0,1,0,0,0,1,1,0,1,0.75,0.674489750196082,0.994577176899611,1
"85","yota yota","the manner of walking with heavy faltering steps","Japanese","Motion","langzaam,  zwaar, en onzeker lopen",NA,"Language","Japanese_29_Motion_org",1,0,0,0,2,0,0,1,0,1,0,2,0,1,0,NA,NA,NA,NA,0,1,0,0,0,0,0,1,0,1,0,1,1,2,1,1,2,0.4,-0.2533471031358,-0.998827506715421,2
"86","bon","boom, exploding sound","Japanese","Sound","explosie (boem)",NA,"Language","Japanese_3_Sound_org",0,1,0,1,2,2,0,1,1,0,0,2,1,0,1,NA,NA,NA,NA,1,0,0,1,1,0,1,1,0,1,1,2,1,4,1,1,3,0.95,1.64485362695147,2.13366556753677,3
"87","zuratto","state of things being arranged in a line","Japanese","Shape","opgelijnd",NA,"Language","Japanese_30_Shape_org",0,0,0,0,2,1,0,1,0,1,0,1,0,0,0,NA,NA,NA,NA,0,0,0,0,0,0,0,0,0,0,0,0,0,0,0,0,0,0.4,-0.2533471031358,-0.998827506715421,0
"88","hyorohyoro","froot,mager, hager","Japanese","Shape","mager",NA,"Language","Japanese_31_Shape_org",1,0,0,0,2,0,0,1,0,0,0,0,0,0,0,NA,NA,NA,NA,0,0,0,0,0,0,1,0,0,0,0,1,1,1,1,0,1,0.5,0,-0.429283311396841,1
"89","tsun-tsun","the state in which something small is sharp pointed","Japanese","Shape","kleine en scherpe vorm, vorm",NA,"Language","Japanese_32_Shape_org",1,0,0,1,2,1,0,1,0,0,0,0,0,0,0,NA,NA,NA,NA,0,0,0,0,0,0,0,0,0,0,0,0,0,0,0,0,0,0.6,0.2533471031358,0.14026088392174,0
"90","guu","protruding","Japanese","Shape","uitpuilend",NA,"Language","Japanese_33_Shape_org",0,1,0,0,2,2,1,1,0,0,0,2,0,0,0,NA,NA,NA,NA,0,0,0,0,0,0,1,1,0,0,0,2,1,1,1,0,1,0.45,-0.125661346855074,-0.714055409056131,1
"91","mokomoko","weich voluminös warm","Japanese","Shape","week en warm",NA,"Language","Japanese_34_Shape_org",1,0,0,0,2,1,0,1,0,0,0,2,0,0,0,NA,NA,NA,NA,0,0,0,0,0,0,0,1,0,0,0,1,1,1,1,0,1,0.55,0.125661346855074,-0.14451121373755,1
"92","perapera","dünn","Japanese","Shape","dun",NA,"Language","Japanese_35_Shape_org",1,0,0,0,0,0,0,1,0,0,0,0,0,0,0,NA,NA,NA,NA,0,0,0,0,0,0,1,1,0,0,0,2,1,1,1,0,1,0.4,-0.2533471031358,-0.998827506715421,1
"93","sura-to","Hochgewachsen Schlank","Japanese","Shape","rank",NA,"Language","Japanese_36_Shape_org",0,0,0,0,2,0,0,1,0,0,0,0,0,0,0,NA,NA,NA,NA,0,0,0,0,0,0,1,0,0,0,0,1,1,1,1,0,1,0.7,0.524400512708041,0.70980507924032,1
"94","pocha-to","pummelig","Japanese","Shape","mollig",NA,"Language","Japanese_37_Shape_org",0,0,0,0,2,0,0,1,0,0,0,2,0,0,0,NA,NA,NA,NA,0,0,0,0,0,0,0,1,0,0,0,1,1,1,1,0,1,0.5,0,-0.429283311396841,1
"95","pan pan","prall gefüllt","Japanese","Shape","tot knappen opgeblazen",NA,"Language","Japanese_38_Shape_org",1,0,0,1,1,1,0,1,0,0,0,2,0,0,0,NA,NA,NA,NA,0,0,0,0,0,0,0,0,0,0,0,0,0,0,0,0,0,0.9,1.2815515655446,1.84889346987748,0
"96","pikapika","glittering","Japanese","ColorVisual","glinstering",NA,"Language","Japanese_39_ColorVisual_org",1,0,0,0,0,0,0,1,0,1,0,0,0,0,0,NA,NA,NA,NA,0,1,0,0,0,0,1,1,0,1,0,2,1,2,1,1,2,0.4,-0.2533471031358,-0.998827506715421,2
"97","bachabacha","water splashing","Japanese","Sound","geluid van spetterend water",NA,"Language","Japanese_4_Sound_org",1,0,0,0,1,1,0,1,1,1,1,1,0,0,0,NA,NA,NA,NA,1,1,0,0,0,0,0,0,0,1,0,0,0,2,1,1,2,0.7,0.524400512708041,0.70980507924032,2
"98","mero-mero","blurred","Japanese","ColorVisual","wazig",NA,"Language","Japanese_40_ColorVisual_org",1,0,0,0,1,2,0,1,0,0,0,1,0,0,0,NA,NA,NA,NA,0,0,0,0,0,0,0,0,0,0,0,0,0,0,0,0,0,0.6,0.2533471031358,0.14026088392174,0
"99","giarigiari","bright (with respect to light)","Japanese","ColorVisual","fel licht",NA,"Language","Japanese_41_ColorVisual_org",1,0,0,0,0,2,0,1,0,0,0,0,0,0,0,NA,NA,NA,NA,0,0,0,0,0,0,0,1,0,0,0,1,1,1,1,0,1,0.6,0.2533471031358,0.14026088392174,1
"100","kirakira","bright, sparkling","Japanese","ColorVisual","sprankelen",NA,"Language","Japanese_42_ColorVisual_org",1,0,0,0,0,0,0,1,0,1,0,0,0,0,0,NA,NA,NA,NA,0,1,0,0,0,0,1,1,0,1,0,2,1,2,1,1,2,0.75,0.674489750196082,0.994577176899611,2
"101","aka-aka","sehr rot","Japanese","ColorVisual","heel rood",NA,"Language","Japanese_43_ColorVisual_org",1,0,0,0,1,0,0,1,0,0,0,1,0,0,0,NA,NA,NA,NA,0,0,0,0,0,0,0,0,0,0,0,0,0,0,0,0,0,0.55,0.125661346855074,-0.14451121373755,0
"102","ton ton","knocking on door","Japanese","Sound","geluid van aankloppen",NA,"Language","Japanese_5_Sound_org",1,0,0,1,2,1,0,1,1,1,0,1,0,0,1,NA,NA,NA,NA,1,1,0,1,0,0,0,0,0,1,1,0,0,3,1,1,3,0.95,1.64485362695147,2.13366556753677,2
"103","garigari","scraping sound","Japanese","Sound","schrapend geluid",NA,"Language","Japanese_6_Sound_org",1,0,0,0,0,2,0,1,1,0,0,1,0,0,0,NA,NA,NA,NA,1,0,0,0,0,0,0,0,0,0,0,0,0,1,1,0,1,0.3,-0.524400512708041,-1.568371702034,1
"104","boo boo","fire burning","Japanese","Sound","geluid van brandend vuur",NA,"Language","Japanese_7_Sound_org",1,0,0,0,2,2,0,1,1,1,0,1,0,1,0,"F_finalvowel: long?",NA,NA,NA,1,1,0,0,0,0,0,0,0,1,0,0,0,2,1,1,2,0.45,-0.125661346855074,-0.714055409056131,2
"105","bari bari","crunchy sound (e.g. rice crackers)","Japanese","Sound","knisperend geluid",NA,"Language","Japanese_8_Sound_org",1,0,0,0,0,2,0,1,1,0,1,0,0,0,0,NA,"M_punctual: informed by English translation",NA,NA,1,0,0,0,0,0,0,1,0,0,0,1,1,2,1,1,2,0.5,0,-0.429283311396841,2
"106","don","thud, schweres Fallen Aufprallen","Japanese","Sound","plof, bons",NA,"Language","Japanese_9_Sound_org",0,1,0,1,2,2,0,1,1,0,0,2,1,0,1,NA,NA,NA,NA,1,0,0,1,1,0,1,1,0,1,1,2,1,4,1,1,3,0.85,1.03643338949379,1.56412137221819,3
"107","kachikachi","tense","Japanese","Other","geprikkeld","bedaard","Collabra","kachikachi",1,0,0,0,0,0,0,1,0,0,0,1,0,0,0,NA,NA,NA,NA,0,0,0,0,0,0,0,0,0,0,0,0,0,0,0,0,0,0.689655172413793,0.494873163568623,-0.281716087291426,0
"108","kebakeba","gaudy","Japanese","Other","schreeuwerig","verfijnd","Collabra","kebakeba",1,0,0,0,0,1,0,1,0,0,1,1,0,0,0,NA,NA,NA,NA,0,0,0,0,0,0,0,0,0,0,0,0,0,0,0,0,0,0.724137931034483,0.595178533333279,-0.0384158300851923,0
"109","kechikechi","stingy","Japanese","Other","gierig","gul","Collabra","kechikechi",1,0,0,0,0,0,0,1,0,0,0,1,0,0,0,NA,NA,NA,NA,0,0,0,0,0,0,0,0,0,0,0,0,0,0,0,0,0,0.724137931034483,0.595178533333279,-0.0384158300851923,0
"110","kibikibi","energetic","Japanese","Motion","energiek","futloos","Collabra","kibikibi",1,0,0,0,0,1,0,1,0,0,0,1,0,0,0,NA,NA,NA,NA,0,0,0,0,0,0,0,0,0,0,0,0,0,0,0,0,0,0.862068965517241,1.08966198194611,0.934785198739729,0
"111","kirakira","bright, sparkling","Japanese","ColorVisual","fonkelend","dof","Collabra","kirakira",1,0,0,0,0,0,0,1,0,1,0,0,0,0,0,NA,"M_irregular: depends on construal",NA,NA,0,1,0,0,0,0,1,1,0,1,0,2,1,2,1,1,2,0.896551724137931,1.26214517662281,1.17808545594596,2
"112","k'ungk'ung","pounding from a big and heavy stuff/ obese person walking","Korean","Sound","gestamp",NA,"Language","Korean_1_Sound_org",1,0,0,1,2,1,0,2,1,1,0,2,0,0,0,NA,NA,NA,NA,1,1,0,0,0,0,0,1,0,1,0,1,1,3,1,1,3,0.75,0.674489750196082,0.994577176899611,3
"113","ongong","crying","Korean","Sound","gehuil",NA,"Language","Korean_10_Sound_org",1,0,1,1,2,2,0,1,1,1,0,1,0,0,0,NA,NA,NA,NA,1,1,0,0,0,0,0,0,0,1,0,0,0,2,1,1,2,0.7,0.524400512708041,0.70980507924032,2
"114","kkokkulkkokkul","rough / bark of a tree","Korean","Texture","ruw oppervlak",NA,"Language","Korean_11_Texture_org",1,0,0,1,2,0,0,2,0,0,1,1,0,0,0,NA,"M_distribution: for textures, this is hard",NA,NA,0,0,0,0,0,0,0,0,0,0,0,0,0,0,0,0,0,0.15,-1.03643338949379,-2.42268799501187,0
"115","pasakpasak","crispy, easily breaking","Korean","Texture","bros",NA,"Language","Korean_12_Texture_org",1,0,0,1,1,0,0,1,0,0,0,0,0,0,0,NA,NA,NA,NA,0,0,0,0,0,0,1,0,0,0,0,1,1,1,1,0,1,0.3,-0.524400512708041,-1.568371702034,1
"116","podulbodul","very soft / fluffy dog","Korean","Texture","pluizig, donzig",NA,"Language","Korean_13_Texture_org",1,0,1,1,2,2,0,1,0,0,0,0,0,0,0,NA,NA,NA,NA,0,0,0,0,0,0,0,0,0,0,0,0,0,0,0,0,0,0.55,0.125661346855074,-0.14451121373755,0
"117","mikkulmikkul","oily/ fish's skin","Korean","Texture","glibberig",NA,"Language","Korean_14_Texture_org",1,0,0,1,1,1,0,1,0,0,0,1,0,0,0,NA,NA,NA,NA,0,0,0,0,0,0,0,0,0,0,0,0,0,0,0,0,0,0.45,-0.125661346855074,-0.714055409056131,0
"118","maekkunmaekkun","smooth / table surface","Korean","Texture","glad oppervlak",NA,"Language","Korean_15_Texture_org",1,0,0,1,1,2,0,1,0,0,0,1,0,0,0,NA,NA,NA,NA,0,0,0,0,0,0,0,0,0,0,0,0,0,0,0,0,0,0.4,-0.2533471031358,-0.998827506715421,0
"119","mullongmullong","soft, yielding, but elastic","Korean","Texture","elastisch flexibel",NA,"Language","Korean_16_Texture_org",1,0,0,1,2,2,0,1,0,1,0,1,0,0,0,NA,NA,NA,NA,0,1,0,0,0,0,0,0,0,1,0,0,0,1,1,0,1,0.8,0.841621233572914,1.2793492745589,1
"120","kkunjokkkunjok","sticky","Korean","Texture","kleverig",NA,"Language","Korean_17_Texture_org",1,0,0,1,2,2,0,1,0,0,0,1,0,0,0,NA,NA,NA,NA,0,0,0,0,0,0,0,0,0,0,0,0,0,0,0,0,0,0.7,0.524400512708041,0.70980507924032,0
"121","humurhumul","overripe, very soft, flabby, pulpy viscous","Korean","Texture","papperig",NA,"Language","Korean_18_Texture_org",1,0,1,1,2,1,0,1,0,0,0,1,0,0,0,NA,NA,NA,NA,0,0,0,0,0,0,0,0,0,0,0,0,0,0,0,0,0,0.85,1.03643338949379,1.56412137221819,0
"122","ollokpollok","embossed / bubble foil, bumpy in a regular fashion","Korean","Texture","geribbeld",NA,"Language","Korean_19_Texture_org",1,0,1,1,2,0,0,1,0,1,0,1,0,0,0,NA,NA,NA,NA,0,1,0,0,0,0,0,0,0,1,0,0,0,1,1,0,1,0.65,0.385320466407568,0.42503298158103,1
"123","tchallangtchallang","metalic sound/small bell","Korean","Sound","geluid van munten in een zak",NA,"Language","Korean_2_Sound_org",1,0,0,1,1,1,0,2,1,1,0,0,0,0,0,NA,NA,NA,NA,1,1,0,0,0,0,0,0,1,1,0,1,1,3,1,1,3,0.65,0.385320466407568,0.42503298158103,3
"124","songsong","chop into small pieces","Korean","Motion","fijnhakken",NA,"Language","Korean_20_Motion_org",1,0,0,1,2,1,0,1,0,1,0,0,0,0,0,NA,NA,NA,NA,0,1,0,0,0,0,0,0,0,1,0,0,0,1,1,0,1,0.45,-0.125661346855074,-0.714055409056131,1
"125","ussugussuk","shrug shoulder","Korean","Motion","schouderophalend",NA,"Language","Korean_21_Motion_org",1,0,1,1,2,0,0,1,0,0,0,1,0,0,0,NA,NA,NA,NA,0,0,0,0,0,0,0,0,0,0,0,0,0,0,0,0,0,0.65,0.385320466407568,0.42503298158103,0
"126","tchuktchuk","continously expanding (gum from mouth)","Korean","Motion","rekken en rekken en rekken",NA,"Language","Korean_22_Motion_org",1,0,0,1,2,0,0,1,0,1,0,2,0,1,0,NA,NA,NA,NA,0,1,0,0,0,0,0,1,0,1,0,1,1,2,1,1,2,0.55,0.125661346855074,-0.14451121373755,2
"127","tugundugun","heartbeat","Korean","Motion","hartslag",NA,"Language","Korean_23_Motion_org",1,0,1,1,2,2,0,1,1,1,0,1,0,1,0,NA,NA,NA,NA,1,1,0,0,0,0,0,0,0,1,0,0,0,2,1,1,2,0.8,0.841621233572914,1.2793492745589,2
"128","ssingssing","strongly blowing wind-> moving very fast, bike","Korean","Motion","suizend geluid",NA,"Language","Korean_24_Motion_org",1,0,0,1,0,1,0,2,1,1,0,1,0,0,0,NA,NA,NA,NA,1,1,0,0,0,0,0,0,0,1,0,0,0,2,1,1,2,0.75,0.674489750196082,0.994577176899611,2
"129","p'ollokp'ollok","flapping, like a flag","Korean","Motion","flapperen",NA,"Language","Korean_25_Motion_org",1,0,0,1,2,0,0,1,0,1,1,1,0,1,0,NA,NA,NA,NA,0,1,0,0,0,0,0,0,0,1,0,0,0,1,1,0,1,0.75,0.674489750196082,0.994577176899611,1
"130","ch'ingch'ing","tie up with rope, circular motion","Korean","Motion","een touw om iets leggen",NA,"Language","Korean_26_Motion_org",1,0,0,1,0,1,0,1,0,0,0,1,0,0,0,NA,NA,NA,NA,0,0,0,0,0,0,0,0,0,0,0,0,0,0,0,0,0,0.45,-0.125661346855074,-0.714055409056131,0
"131","onggumonggum","crawl","Korean","Motion","kruipen",NA,"Language","Korean_27_Motion_org",1,0,1,1,2,2,0,1,0,1,0,1,0,1,0,NA,NA,NA,NA,0,1,0,0,0,0,0,0,0,1,0,0,0,1,1,0,1,0.55,0.125661346855074,-0.14451121373755,1
"132","sallangsallang","gently / ladies walking in the spring, falling leaf","Korean","Motion","kalme en tedere beweging",NA,"Language","Korean_28_Motion_org",1,0,0,1,1,1,0,1,0,1,0,0,0,0,0,"F_finalvowel: long final syllable",NA,NA,NA,0,1,0,0,0,0,0,0,0,1,0,0,0,1,1,0,1,0.7,0.524400512708041,0.70980507924032,1
"133","k'ongk'ong","jumping of a small and light stuff / bunny jumping","Korean","Motion","licht hoppend",NA,"Language","Korean_29_Motion_org",1,0,0,1,2,1,0,1,0,1,0,0,0,1,0,NA,NA,NA,NA,0,1,0,0,0,0,0,0,0,1,0,0,0,1,1,0,1,0.75,0.674489750196082,0.994577176899611,1
"134","cholchol","sound/murmur from a little creek","Korean","Sound","geluid van een kabbelende beek",NA,"Language","Korean_3_Sound_org",1,0,0,1,2,0,0,1,1,1,0,0,0,1,0,NA,NA,NA,NA,1,1,0,0,0,0,1,0,0,1,0,1,1,3,1,1,3,0.6,0.2533471031358,0.14026088392174,3
"135","tunggultunggul","roundness","Korean","Shape","ronde vorm",NA,"Language","Korean_30_Shape_org",1,0,0,1,2,2,0,1,0,0,0,1,0,0,0,NA,NA,NA,NA,0,0,0,0,0,0,0,0,0,0,0,0,0,0,0,0,0,0.4,-0.2533471031358,-0.998827506715421,0
"136","t'aengt'aeng","blown up, like a ballon","Korean","Shape","opgeblazen, ronde vorm",NA,"Language","Korean_31_Shape_org",1,0,0,1,0,1,0,1,0,0,0,2,0,0,0,NA,NA,NA,NA,0,0,0,0,0,0,0,0,0,0,0,0,0,0,0,0,0,0.45,-0.125661346855074,-0.714055409056131,0
"137","mongshilmongshil","round shape, plump, chubby","Korean","Shape","bolvormig, als een suikerspin",NA,"Language","Korean_32_Shape_org",1,0,0,1,1,2,0,1,0,0,0,2,0,0,0,NA,NA,NA,NA,0,0,0,0,0,0,1,0,0,0,0,1,1,1,1,0,1,0.45,-0.125661346855074,-0.714055409056131,1
"138","kkobulkkobul","curvy","Korean","Shape","bochtig",NA,"Language","Korean_33_Shape_org",1,0,0,1,2,1,0,1,0,0,1,1,0,0,0,NA,NA,NA,NA,0,0,0,0,0,0,0,0,0,0,0,0,0,0,0,0,0,0.2,-0.841621233572914,-2.13791589735258,0
"139","t'oshilt'oshil","chubby","Korean","Shape","mollig",NA,"Language","Korean_34_Shape_org",1,0,0,1,1,0,0,1,0,0,0,2,0,0,0,NA,NA,NA,NA,0,0,0,0,0,0,0,0,0,0,0,0,0,0,0,0,0,0.5,0,-0.429283311396841,0
"140","ppollok","protruding belly","Korean","Shape","bolle buik (b.v. van een baby)",NA,"Language","Korean_35_Shape_org",0,0,0,1,2,0,0,1,0,0,0,2,0,0,0,NA,NA,NA,NA,0,0,0,0,0,0,0,1,0,0,0,1,1,1,1,0,1,0.75,0.674489750196082,0.994577176899611,1
"141","ult'ungbult'ung","bumpy / kinderkopjes","Korean","Shape","hobbelig",NA,"Language","Korean_36_Shape_org",1,0,1,1,2,2,0,1,0,1,1,1,0,0,0,NA,NA,NA,NA,0,1,1,0,0,0,0,0,0,1,0,0,0,2,1,1,2,0.75,0.674489750196082,0.994577176899611,1
"142","tchugultchugul","wrinkled / uniorned shirt","Korean","Shape","kreukelig",NA,"Language","Korean_37_Shape_org",1,0,0,1,2,1,0,1,0,1,1,1,0,0,0,NA,NA,NA,NA,0,1,0,0,0,0,0,0,0,1,0,0,0,1,1,0,1,0.75,0.674489750196082,0.994577176899611,1
"143","tchaengtchaeng","blazing sunshine","Korean","ColorVisual","verblindend",NA,"Language","Korean_38_ColorVisual_org",1,0,0,1,0,1,0,1,0,0,0,0,0,0,0,NA,NA,NA,NA,0,0,0,0,0,0,0,1,0,0,0,1,1,1,1,0,1,0.6,0.2533471031358,0.14026088392174,1
"144","pantchakpantchak","glitter","Korean","ColorVisual","glinstering",NA,"Language","Korean_39_ColorVisual_org",1,0,0,1,1,0,0,1,0,1,0,0,0,0,0,NA,NA,NA,NA,0,1,0,0,0,0,1,0,0,1,0,1,1,2,1,1,2,0.4,-0.2533471031358,-0.998827506715421,2
"145","p'ongdangp'ongdang","splash","Korean","Sound","plons",NA,"Language","Korean_4_Sound_org",1,0,0,1,2,2,0,1,1,0,0,1,1,0,1,NA,NA,NA,NA,1,0,0,1,0,0,0,0,0,0,1,0,0,2,1,1,2,0.5,0,-0.429283311396841,1
"146","hwarhwal","flames, being ablaze","Korean","ColorVisual","vlam",NA,"Language","Korean_40_ColorVisual_org",1,0,1,1,1,0,0,1,0,0,0,1,0,0,0,NA,NA,NA,NA,0,0,0,0,0,0,0,0,0,0,0,0,0,0,0,0,0,0.45,-0.125661346855074,-0.714055409056131,0
"147","ch'orongch'orong","shining eyes","Korean","ColorVisual","glanzende ogen",NA,"Language","Korean_41_ColorVisual_org",1,0,0,1,2,1,0,2,0,0,0,1,0,0,0,NA,NA,NA,NA,0,0,0,0,0,0,0,0,0,0,0,0,0,0,0,0,0,0.45,-0.125661346855074,-0.714055409056131,0
"148","songgulsonggul","beaded with sweat","Korean","ColorVisual","bezwete huid",NA,"Language","Korean_42_ColorVisual_org",1,0,0,1,2,2,0,1,0,1,0,1,0,0,0,NA,NA,NA,NA,0,1,0,0,0,0,0,0,0,1,0,0,0,1,1,0,1,0.4,-0.2533471031358,-0.998827506715421,1
"149","alloktallok","colorful, indian summer, holger's shirts","Korean","ColorVisual","vol van felle kleuren",NA,"Language","Korean_43_ColorVisual_org",1,0,1,1,2,0,0,1,0,1,1,0,0,0,0,NA,NA,NA,NA,0,1,1,0,0,0,1,0,0,1,0,1,1,3,1,1,3,0.55,0.125661346855074,-0.14451121373755,2
"150","churongjurong","hanging in clusters","Korean","ColorVisual","in bosjes hangend",NA,"Language","Korean_44_ColorVisual_org",1,0,1,1,2,2,0,1,0,1,1,1,0,0,0,NA,NA,NA,NA,0,1,1,0,0,0,0,0,0,1,0,0,0,2,1,1,2,0.65,0.385320466407568,0.42503298158103,1
"151","polbol","shivering/shaking","Korean","ColorVisual","bevend",NA,"Language","Korean_45_ColorVisual_org",1,0,1,1,2,1,0,1,0,1,0,1,0,1,0,NA,NA,NA,NA,0,1,0,0,0,0,0,0,0,1,0,0,0,1,1,0,1,0.5,0,-0.429283311396841,1
"152","p'arutp'arut","fresh and green","Korean","ColorVisual","het groen van jonge bladjes",NA,"Language","Korean_46_ColorVisual_org",1,0,0,1,2,0,0,1,0,0,0,0,0,0,0,NA,NA,NA,NA,0,0,0,0,0,0,1,0,0,0,0,1,1,1,1,0,1,0.3,-0.524400512708041,-1.568371702034,1
"153","kkilkkil","giggling","Korean","Sound","gegiechel",NA,"Language","Korean_5_Sound_org",1,0,0,1,0,0,0,2,1,1,0,0,0,0,0,NA,NA,NA,NA,1,1,0,0,0,0,1,1,1,1,0,3,1,3,1,1,3,0.8,0.841621233572914,1.2793492745589,3
"154","pogulbogul","boiling sounds","Korean","Sound","geluid van iets kokends",NA,"Language","Korean_6_Sound_org",1,0,1,1,2,2,0,1,1,1,1,1,0,1,0,NA,NA,NA,NA,1,1,1,0,0,0,0,0,0,1,0,0,0,3,1,1,3,0.5,0,-0.429283311396841,2
"155","chongalchongal","babbling/prattle","Korean","Sound","gebabbel gekeuvel",NA,"Language","Korean_7_Sound_org",1,0,0,1,2,1,0,1,1,1,0,1,0,0,0,NA,NA,NA,NA,1,1,0,0,0,0,0,0,0,1,0,0,0,2,1,1,2,0.8,0.841621233572914,1.2793492745589,2
"156","tchoptchop","click one's tongue","Korean","Sound","tong geklak",NA,"Language","Korean_8_Sound_org",1,0,0,1,2,0,0,1,1,0,0,1,0,0,1,NA,NA,NA,NA,1,0,0,1,0,0,0,0,0,0,1,0,0,2,1,1,2,0.75,0.674489750196082,0.994577176899611,1
"157","chigulchigul","a small quantity of liquid boiling/ simmering","Korean","Sound","gepruttel",NA,"Language","Korean_9_Sound_org",1,0,0,1,1,1,0,1,1,1,0,0,0,1,0,NA,NA,NA,NA,1,1,0,0,0,0,0,0,0,1,0,0,0,2,1,1,2,0.65,0.385320466407568,0.42503298158103,2
"158","korokoro","rolling","Japanese","Motion","rollend","zwevend","Collabra","korokoro",1,0,0,0,2,0,0,1,0,1,0,1,0,1,0,NA,NA,NA,NA,0,1,0,0,0,0,0,0,0,1,0,0,0,1,1,0,1,0.793103448275862,0.8172368220294,0.448184684327268,1
"159","mojimoji","reluctant","Japanese","Other","aarzelend","overtuigd","Collabra","mojimoji",1,0,0,0,1,2,0,1,0,0,0,1,0,0,0,NA,NA,NA,NA,0,0,0,0,0,0,0,0,0,0,0,0,0,0,0,0,0,0.551724137931034,0.130018583307083,-1.25491711611635,0
"160","morimori","swelling","Japanese","Shape","opzwellend","slinkend","Collabra","morimori",1,0,0,0,1,2,0,1,0,0,0,2,0,0,0,NA,NA,NA,NA,0,0,0,0,0,0,1,0,0,0,0,1,1,1,1,0,1,0.448275862068966,-0.130018583307083,-1.98481788773504,1
"161","mushimushi","humid","Japanese","Texture","vochtig","droog","Collabra","mushimushi",1,0,0,0,1,1,0,1,0,0,0,1,0,0,0,NA,NA,NA,NA,0,0,0,0,0,0,0,0,0,0,0,0,0,0,0,0,0,0.931034482758621,1.4835398594013,1.4213857131522,0
"162","nikoniko","smiling","Japanese","Other","grijnzend","fronsend","Collabra","nikoniko",1,0,0,0,1,1,0,1,0,0,0,1,0,0,0,NA,NA,NA,NA,0,0,0,0,0,0,0,0,0,0,0,0,0,0,0,0,0,0.655172413793103,0.39932306734955,-0.52501634449766,0
"163","sekaseka","hastily","Japanese","Motion","haastig","geduldig","Collabra","sekaseka",1,0,0,0,0,0,0,1,0,0,0,1,0,0,0,NA,NA,NA,NA,0,0,0,0,0,0,0,0,0,0,0,0,0,0,0,0,0,0.758620689655172,0.701872595421959,0.204884427121035,0
"164","bjuukbj<U+025B><U+025B>k","bright coloured. distribution in space (distributive derivation).","Semai","ColorVisual","fel gekleurd tafereel",NA,"Language","Semai_1_ColorVisual_org",1,0,1,1,1,1,0,1,0,1,1,1,0,0,0,"F_partialredup: count as full with vowel mod or as partial?",NA,NA,NA,0,1,1,0,0,0,0,0,0,1,0,0,0,2,1,1,2,0.25,-0.674489750196082,-1.85314379969329,1
"165","gj<U+025B>lgjolgj<U+025B>lgjol","swinging back-and-forth. Example: movement from monkies shaking branches. Repetition of movement (iterative derivation) PLUS distribution in space (distributive derivation).","Semai","Motion","schommelen",NA,"Language","Semai_10_Motion_org",1,0,1,1,1,2,0,1,0,1,0,1,0,1,0,NA,NA,NA,NA,0,1,0,0,0,0,0,0,0,1,0,0,0,1,1,0,1,0.65,0.385320466407568,0.42503298158103,1
"166","<U+025F>rweet<U+025F>rw<U+0252><U+0252>t","upward climbing with arms and legs. Example: kids climbing. Distribution in space (distributive derivation).","Semai","Motion","omhoog klimmen",NA,"Language","Semai_11_Motion_org",1,0,1,1,0,1,0,1,0,1,0,1,0,0,0,NA,NA,NA,NA,0,1,0,0,0,0,0,0,0,1,0,0,0,1,1,0,1,0.35,-0.385320466407568,-1.28359960437471,1
"167","<U+025F>toon<U+025F>toon<U+025F>toon","slow up-and-down. Example: of a slow bouncy gait. Repetition of movement (iterative derivation)","Semai","Motion","langzaam dartelen",NA,"Language","Semai_12_Motion_org",1,0,0,1,2,1,0,1,0,1,0,1,0,1,0,"F_finalvowel: syllable is pretty long",NA,NA,NA,0,1,0,0,0,0,0,0,0,1,0,0,0,1,1,0,1,0.45,-0.125661346855074,-0.714055409056131,1
"168","<U+014B><U+025B>r<U+014B>or<U+014B><U+025B>r<U+014B>or<U+014B><U+025B>r<U+014B>or","fast, jerky, in multiple directions. Example: running around looking for something, a stressed or scared behaviour. Repetition of movement (iterative derivation) PLUS distribution in space (distributive derivation).","Semai","Motion","op en neer rennend, naar iets zoekend",NA,"Language","Semai_13_Motion_org",1,0,1,1,1,2,0,1,0,1,1,1,0,1,0,NA,NA,NA,NA,0,1,1,0,0,0,0,0,0,1,0,0,0,2,1,1,2,0.65,0.385320466407568,0.42503298158103,1
"169","rlaj<U+0268><U+0268>p","flickering, fluttering. Example: of leafes moving in the wind. Plurality of motion (plural prefix).","Semai","Motion","fladderen",NA,"Language","Semai_14_Motion_org",0,0,0,1,1,1,0,1,0,1,0,0,0,1,0,NA,NA,NA,NA,0,0,0,0,0,0,0,0,0,0,0,0,0,0,0,0,0,0.6,0.2533471031358,0.14026088392174,0
"170","brih<U+0254>~c","of small dents/holes on surface, e.g. scars on skin from acne (plural infix)","Semai","Texture","gedeukt aanvoelen",NA,"Language","Semai_15_Texture_org",0,0,0,1,1,0,0,1,0,1,1,1,0,0,0,NA,NA,NA,NA,0,0,0,0,0,0,0,0,0,0,0,0,0,0,0,0,0,0.55,0.125661346855074,-0.14451121373755,0
"171","cr<U+0252><U+0252>::m","of coarse, coarse-grained, e.g. sand on a surface (lengthening of last/main vowel)","Semai","Texture","grofkorrelig",NA,"Language","Semai_16_Texture_org",0,1,0,1,1,1,0,1,0,0,0,1,0,0,0,NA,NA,NA,NA,0,0,0,0,0,0,0,0,0,0,0,0,0,0,0,0,0,0.55,0.125661346855074,-0.14451121373755,0
"172","cralii<U+014B>","of an oily feeling on the skin, greasy, sweaty, very slippery  (plural infix)","Semai","Texture","glibberig",NA,"Language","Semai_17_Texture_org",0,0,0,1,0,1,0,2,0,0,0,1,0,0,0,NA,NA,NA,NA,0,0,0,0,0,0,0,0,0,0,0,0,0,0,0,0,0,0.35,-0.385320466407568,-1.28359960437471,0
"173","gradus","of bumpy, bulgy, e.g. from gravel or small stones on a surface  (plural infix)","Semai","Texture","hobbelig, knobbelig",NA,"Language","Semai_18_Texture_org",0,0,0,1,2,2,0,1,0,1,1,1,0,0,0,NA,NA,NA,NA,0,0,0,0,0,0,0,0,0,0,0,0,0,0,0,0,0,0.35,-0.385320466407568,-1.28359960437471,0
"174","grah<U+0252><U+0252>c","of rough, rugged, e.g. of beard stubble  (plural infix)","Semai","Texture","ruig, oneven",NA,"Language","Semai_19_Texture_org",0,0,0,1,1,0,0,1,0,1,1,1,0,0,0,NA,NA,NA,NA,0,0,0,0,0,0,0,0,0,0,0,0,0,0,0,0,0,0.7,0.524400512708041,0.70980507924032,0
"175","bl<U+0294>oo::k","dark coloured, purple-brown. lengthening of last/main vowel.","Semai","ColorVisual","bruin-paars",NA,"Language","Semai_2_ColorVisual_org",0,1,0,1,2,1,0,1,0,0,0,2,0,0,0,"F_finalvowel: can final vowel be followed by consonant?",NA,"F_monosyllabic: telt dit als 1 syllabe? (aparte medeklinkercombinatie)",NA,0,0,0,0,0,0,0,1,0,0,0,1,1,1,1,0,1,0.8,0.841621233572914,1.2793492745589,1
"176","grigelrigel","of surface with ridges (small spacing)  (plural infix, prolongation derivation)","Semai","Texture","geribbeld",NA,"Language","Semai_20_Texture_org",1,0,1,1,0,2,0,1,0,1,0,1,0,0,0,NA,NA,NA,NA,0,1,0,0,0,0,0,0,0,1,0,0,0,1,1,0,1,0.55,0.125661346855074,-0.14451121373755,1
"177","snak<U+0268><U+0268>r","of surface with small small hairs (plural infix)","Semai","Texture","harig oppervlak",NA,"Language","Semai_21_Texture_org",0,0,0,1,1,0,0,1,0,1,0,1,0,0,0,NA,NA,NA,NA,0,0,0,0,0,0,0,0,0,0,0,0,0,0,0,0,0,0.3,-0.524400512708041,-1.568371702034,0
"178","bucbuc","of bubble in thick liquid (e.g. mud)","Semai","Sound","geluid van luchtbellen in modder",NA,"Language","Semai_22_Sound_org",1,0,0,1,2,1,0,1,1,1,0,1,0,0,1,NA,NA,NA,NA,1,1,0,1,0,0,0,0,0,1,1,0,0,3,1,1,3,0.8,0.841621233572914,1.2793492745589,2
"179","bukbukbuk","of bubble in water, repetition of sound","Semai","Sound","geluid van luchtbellen aan het wateroppervlak",NA,"Language","Semai_23_Sound_org",1,0,0,1,2,1,0,1,1,1,0,1,0,0,1,NA,NA,NA,NA,1,1,0,1,0,0,0,0,0,1,1,0,0,3,1,1,3,0.65,0.385320466407568,0.42503298158103,2
"180","ca~a~wca~a~w","of splashing water, repetition of sound","Semai","Sound","geluid van spetterend water",NA,"Language","Semai_24_Sound_org",1,0,0,1,1,0,0,1,1,1,1,1,0,0,0,NA,NA,"f_closedsyll: twijfel, tel je w mee? (in audiofile klinkt het wel gesloten, vandaar (1)).",NA,1,1,0,0,0,0,0,0,0,1,0,0,0,2,1,1,2,0.45,-0.125661346855074,-0.714055409056131,2
"181","ho~o~(o~o~)s","of heavy breathing through nose (typically of animals, e.g. buffalo)","Semai","Sound","geluid van zwaar door de neus ademen",NA,"Language","Semai_25_Sound_org",0,1,0,1,2,0,0,1,1,1,0,2,0,1,0,"F_finalvowel: followed by coda",NA,NA,NA,1,0,0,0,0,0,0,1,0,0,0,1,1,2,1,1,2,0.6,0.2533471031358,0.14026088392174,2
"182","korrrr","of pouring water, (e.g. with a kettle)","Semai","Sound","geluid van water gieten",NA,"Language","Semai_26_Sound_org",0,1,0,1,2,0,1,1,1,0,0,1,1,1,0,"F_finalvowel: final consonant lengthened here","M_punctual: informed by English translation",NA,NA,1,0,0,0,1,1,0,0,0,1,1,0,0,3,1,1,3,0.5,0,-0.429283311396841,2
"183","re<U+014B><U+014B><U+014B>","of thin glass breaking on a hard ground, (e.g. a stone/cement floor)","Semai","Sound","geluid van brekend dun glas",NA,"Language","Semai_27_Sound_org",0,1,0,1,0,2,1,2,1,0,0,0,1,0,1,"F_finalvowel: consonant!",NA,NA,NA,1,0,0,1,1,0,0,1,1,1,1,2,1,4,1,1,3,0.9,1.2815515655446,1.84889346987748,3
"184","pl<U+025B>~spl<U+0252>~s","of peoples' breathing when sleeping, with lips open a little, hearing this sound here and there (distributive)","Semai","Sound","geluid van slapend ademende mensen",NA,"Language","Semai_28_Sound_org",1,0,1,1,0,0,0,1,1,1,0,1,0,1,0,NA,NA,NA,NA,1,1,0,0,0,0,0,0,0,1,0,0,0,2,1,1,2,0.25,-0.674489750196082,-1.85314379969329,2
"185","pl<U+0252>~s","of someones breathing when sleeping, with lips open a little","Semai","Sound","geluid van een slapend mens",NA,"Language","Semai_29_Sound_org",0,1,0,1,1,0,0,1,1,0,0,1,0,1,0,NA,NA,NA,NA,1,0,0,0,0,0,0,0,0,0,0,0,0,1,1,0,1,0.1,-1.2815515655446,-2.70746009267116,1
"186","chuurch<U+025B><U+025B>r","darker red, purple-red. distribution in space (distributive derivation).","Semai","ColorVisual","donkerrood-paars tafereel",NA,"Language","Semai_3_ColorVisual_org",1,0,1,1,1,0,0,1,0,1,0,2,0,0,0,NA,NA,NA,NA,0,1,0,0,0,0,0,0,0,1,0,0,0,1,1,0,1,0.6,0.2533471031358,0.14026088392174,1
"187","t<U+0268><U+0268>kt<U+0268><U+0268>kt<U+0268><U+0268>kt<U+0268><U+0268>k","of dull or muffled sound (e.g hitting hand against cement floor; something heavy landing of the floor), repetition of sound","Semai","Sound","dof, gedempt geluid",NA,"Language","Semai_30_Sound_org",1,0,0,1,1,0,0,1,1,0,0,2,0,0,1,NA,NA,NA,NA,1,0,0,1,0,0,0,0,0,0,1,0,0,2,1,1,2,0.5,0,-0.429283311396841,1
"188","ba<U+014B><U+0294>is","of a larger bulging shape, e.g. a fat/swollen stomach","Semai","Shape","grote bolstaande gezwollen vorm",NA,"Language","Semai_31_Shape_org",0,0,0,1,0,1,0,1,0,0,0,2,0,0,0,NA,NA,NA,NA,0,0,0,0,0,0,0,0,0,0,0,0,0,0,0,0,0,0.35,-0.385320466407568,-1.28359960437471,0
"189","cih<U+025B>~<U+0294>","bent, a little askew/slantwise","Semai","Shape","krom",NA,"Language","Semai_32_Shape_org",0,0,0,1,0,0,0,1,0,0,1,1,0,0,0,NA,NA,NA,NA,0,0,0,0,0,0,0,0,0,0,0,0,0,0,0,0,0,0.55,0.125661346855074,-0.14451121373755,0
"190","goow","of a smaller bulging shape, e.g. typically of large/muscular calfs bulging","Semai","Shape","vorm van een  gespierede enkel",NA,"Language","Semai_33_Shape_org",0,1,0,1,2,2,0,1,0,0,0,1,0,0,0,NA,NA,NA,NA,0,0,0,0,0,0,0,0,0,0,0,0,0,0,0,0,0,0.15,-1.03643338949379,-2.42268799501187,0
"191","<U+025F>lpu<U+014B>","of a cone-like protruding shape (from head), e.g. hair bun","Semai","Shape","kegelachtig uitpuilen",NA,"Language","Semai_34_Shape_org",0,1,0,1,2,2,0,1,0,0,0,1,0,0,0,NA,NA,"F_monosyllabic: 1 syllabe?",NA,0,0,0,0,0,0,0,0,0,0,0,0,0,0,0,0,0,0.3,-0.524400512708041,-1.568371702034,0
"192","<U+025F>rp<U+0252><U+0252>s","of a straggling shape/figure, things going in all directions, e.g. hair standing in all directions","Semai","Shape","alle kanten opgaand",NA,"Language","Semai_35_Shape_org",0,1,0,1,1,0,0,1,0,1,1,1,0,0,0,"F_vowelquality: is <U+0252> neutral or dark?",NA,"F_monosyllabic: 1 syllabe?",NA,0,0,0,0,0,0,0,0,0,0,0,0,0,0,0,0,0,0.7,0.524400512708041,0.70980507924032,0
"193","ra<U+014B>j<U+0252>~<U+0252>~t","crocked, not straight/proper of a pattern, sometimes with holes (could also be considered a surface characteristic)","Semai","Shape","scheef",NA,"Language","Semai_36_Shape_org",0,0,0,1,1,1,0,1,0,0,1,1,0,0,0,NA,NA,NA,NA,0,0,0,0,0,0,0,0,0,0,0,0,0,0,0,0,0,0.55,0.125661346855074,-0.14451121373755,0
"194","r<U+014B><U+0294><U+0252><U+0252><U+014B>","of round-like hole, typically of open mouth","Semai","Shape","rond gat",NA,"Language","Semai_37_Shape_org",0,1,0,1,1,2,0,1,0,0,0,1,0,0,0,"F_monosyllable: need to check phonotactics",NA,"F_monosyllabic: 1 syllabe?",NA,0,0,0,0,0,0,0,0,0,0,0,0,0,0,0,0,0,0.5,0,-0.429283311396841,0
"195","sla<U+025F><U+0252><U+0252>r","of a straight shape/posture, e.g. a straight body position, straight hair","Semai","Shape","kaarsrecht staand",NA,"Language","Semai_38_Shape_org",0,0,0,1,1,1,0,1,0,0,0,1,0,0,0,NA,NA,NA,NA,0,0,0,0,0,0,0,0,0,0,0,0,0,0,0,0,0,0.6,0.2533471031358,0.14026088392174,0
"196","<U+025F>h<U+0268>r","bright (dirt) coloured, sand-red, a little darker on an otherwise brighter surface. example: of white peoples' skin when sun-burned","Semai","ColorVisual","kleur van huid met zonnebrand",NA,"Language","Semai_4_ColorVisual_org",0,1,0,1,1,1,0,1,0,0,1,1,0,0,0,NA,NA,NA,NA,0,0,0,0,0,0,0,0,0,0,0,0,0,0,0,0,0,0.6,0.2533471031358,0.14026088392174,0
"197","<U+025F>ree<U+014B>","transparent, see-through","Semai","ColorVisual","transparant",NA,"Language","Semai_5_ColorVisual_org",0,1,0,1,0,2,0,1,0,0,0,1,0,0,0,NA,NA,NA,NA,0,0,0,0,0,0,0,0,0,0,0,0,0,0,0,0,0,0.75,0.674489750196082,0.994577176899611,0
"198","sl<U+0294>e~e~k","lighter brown, pale-coloured","Semai","ColorVisual","licht bruin",NA,"Language","Semai_6_ColorVisual_org",0,1,0,1,0,0,0,1,0,0,0,0,0,0,0,NA,NA,"F_monosyllabic: 1 syllabe?",NA,0,0,0,0,0,0,1,1,0,0,0,2,1,1,1,0,1,0.7,0.524400512708041,0.70980507924032,1
"199","brac<U+0268><U+0268>j","vertical (upward), one item splitting into multiple. Example: fireworks. Plurality of motion (plural infix).","Semai","Motion","uit elkaar spattende opwaartse beweging (b.v. vuurwerk)",NA,"Language","Semai_7_Motion_org",0,0,0,1,1,1,0,1,0,1,1,1,1,1,0,NA,NA,"F_closedsyll:  hier (0) gedaan, want ik hoor de j niet in de audio.",NA,0,0,0,0,0,0,0,0,0,0,0,0,0,0,0,0,0,0.6,0.2533471031358,0.14026088392174,0
"200","cidu~<U+0294>cide~<U+0294>","from side to side while walking, short and firm movements. Example: the way a person with short legs walk. Distribution in space (distributive derivation). In this rendition the nasality of the vowels is not particularly strong.","Semai","Motion","waggelende beweging",NA,"Language","Semai_8_Motion_org",1,0,1,1,1,1,0,1,0,1,1,1,0,1,0,"F_closedsyallable: glottal stop counts as closed?",NA,NA,NA,0,1,1,0,0,0,0,0,0,1,0,0,0,2,1,1,2,0.35,-0.385320466407568,-1.28359960437471,1
"201","duldil","falling over/down, collapsing. Example: people falling over, leeches losing their grip. Distribution in space (distributive derivation).","Semai","Motion","in elkaar zakkend",NA,"Language","Semai_9_Motion_org",1,0,1,1,1,2,0,1,0,1,1,1,1,0,1,NA,NA,NA,NA,0,1,1,1,0,0,0,0,0,1,1,0,0,3,1,1,3,0.55,0.125661346855074,-0.14451121373755,1
"202","gbiim","boom","Siwu","Sound","explosie (boem)",NA,"Language","Siwu_1_Sound_org",0,1,0,1,0,2,1,2,1,0,0,2,1,0,1,NA,NA,NA,"bij explosies nu wel (1) voor M_abrupt gedaan, net als bij bijv. ‘harde klap’, want het idee van de echoënde eigenschap gold ook niet bij ‘distributief’ dus waarom hier wel?",1,0,0,1,1,0,1,0,0,1,1,1,1,4,1,1,3,0.8,0.841621233572914,1.2793492745589,3
"203","fi<U+025B>fi<U+025B>","silky","Siwu","Texture","zijdezacht",NA,"Language","Siwu_11_Texture_org",1,0,0,0,0,0,0,2,0,0,0,0,0,0,0,NA,NA,NA,"M_weight: twijfel, zowel licht (0) als zacht (2), maar het is voor mij toch vooral heel licht",0,0,0,0,0,0,1,1,1,0,0,3,1,1,1,0,1,0.5,0,-0.429283311396841,1
"204","gbadara-gbadara","a drunkard’s wobbling gait","Siwu","Motion","waggelen, lopen als een dronkaard",NA,"Language","Siwu_12_Motion_org",1,0,0,0,1,2,0,1,0,1,1,1,0,1,0,NA,NA,NA,NA,0,1,0,0,0,0,0,0,0,1,0,0,0,1,1,0,1,0.9,1.2815515655446,1.84889346987748,1
"205","kp<U+0254>k<U+0254>l<U+0254>-kp<U+0254>k<U+0254>l<U+0254>","walking like a tortoise","Siwu","Motion","lopen als een schildpad",NA,"Language","Siwu_13_Motion_org",1,0,0,0,2,0,0,1,0,1,0,1,0,1,0,NA,NA,NA,NA,0,1,0,0,0,0,0,0,0,1,0,0,0,1,1,0,1,0.55,0.125661346855074,-0.14451121373755,1
"206","ny<U+025B>m<U+025B>r<U+025B>-ny<U+025B>m<U+025B>r<U+025B>","wriggling (of a small snake)","Siwu","Motion","kronkelen",NA,"Language","Siwu_14_Motion_org",1,0,0,0,0,2,0,1,0,1,1,1,0,1,0,NA,NA,NA,NA,0,1,0,0,0,0,0,0,0,1,0,0,0,1,1,0,1,0.45,-0.125661346855074,-0.714055409056131,1
"207","gulugulu","rolling","Siwu","Motion","rollen",NA,"Language","Siwu_16_Motion_org",1,0,0,0,2,2,0,1,0,1,0,1,0,1,0,NA,NA,NA,NA,0,1,0,0,0,0,0,0,0,1,0,0,0,1,1,0,1,0.55,0.125661346855074,-0.14451121373755,1
"208","nààà","slowly moving","Siwu","Motion","langzaam bewegen",NA,"Language","Siwu_17_Motion_org",0,1,0,0,1,2,1,1,0,0,0,1,0,1,0,NA,NA,NA,NA,0,0,0,0,0,1,0,0,0,0,1,0,0,1,1,0,1,0.5,0,-0.429283311396841,0
"209","giligili","circular (round 2D)","Siwu","Shape","rond (als een cirkel)",NA,"Language","Siwu_18_Shape_org",1,0,0,0,0,2,0,1,0,0,0,1,0,0,0,NA,NA,NA,NA,0,0,0,0,0,0,0,0,0,0,0,0,0,0,0,0,0,0.3,-0.524400512708041,-1.568371702034,0
"210","minimini","spherical (round 3D)","Siwu","Shape","bolvormig",NA,"Language","Siwu_19_Shape_org",1,0,0,0,0,2,0,1,0,0,0,1,0,0,0,NA,NA,NA,NA,0,0,0,0,0,0,0,0,0,0,0,0,0,0,0,0,0,0.4,-0.2533471031358,-0.998827506715421,0
"211","kpa","tock, sound of dry impact","Siwu","Sound","harde klap",NA,"Language","Siwu_2_Sound_org",0,1,0,0,1,0,0,2,1,0,0,1,1,0,1,NA,NA,NA,NA,1,0,0,0,1,0,0,0,0,1,0,0,0,2,1,1,2,0.85,1.03643338949379,1.56412137221819,2
"212","mi<U+0254>mi<U+0254>","pointy","Siwu","Shape","puntig",NA,"Language","Siwu_20_Shape_org",1,0,0,0,1,2,0,1,0,0,0,1,0,0,0,NA,NA,NA,NA,0,0,0,0,0,0,0,0,0,0,0,0,0,0,0,0,0,0.7,0.524400512708041,0.70980507924032,0
"213","t<U+025B>g<U+025B>l<U+025B><U+025B>","flat","Siwu","Shape","plat",NA,"Language","Siwu_21_Shape_org",0,0,0,0,0,1,1,1,0,0,0,1,0,0,0,NA,NA,NA,NA,0,0,0,0,0,0,0,0,0,0,0,0,0,0,0,0,0,0.35,-0.385320466407568,-1.28359960437471,0
"214","siii","straight","Siwu","Shape","kaarsrecht",NA,"Language","Siwu_22_Shape_org",0,1,0,0,0,0,1,2,0,0,0,1,0,0,0,NA,NA,NA,NA,0,0,0,0,0,0,0,0,0,0,0,0,0,0,0,0,0,0.5,0,-0.429283311396841,0
"215","g<U+0254>g<U+0254>l<U+0254>","twisted, bendy","Siwu","Shape","kronkelig",NA,"Language","Siwu_23_Shape_org",1,0,1,0,2,2,0,1,0,0,1,1,0,0,0,NA,NA,NA,NA,0,0,1,0,0,0,0,0,0,0,0,0,0,1,1,0,1,0.65,0.385320466407568,0.42503298158103,0
"216","tagbaraa","long","Siwu","Shape","lang",NA,"Language","Siwu_24_Shape_org",0,0,0,0,1,1,1,2,0,0,0,1,0,1,0,NA,NA,NA,NA,0,0,0,0,0,1,0,0,0,0,1,0,0,1,1,0,1,0.85,1.03643338949379,1.56412137221819,0
"217","pimbilii","protruding belly (moderately fat)","Siwu","Shape","buikje",NA,"Language","Siwu_25_Shape_org",0,0,0,0,0,2,1,2,0,0,0,1,0,0,0,NA,NA,NA,NA,0,0,0,0,0,0,0,0,0,0,0,0,0,0,0,0,0,0.6,0.2533471031358,0.14026088392174,0
"218","pumbuluu","protruding belly (fat)","Siwu","Shape","dikke buik",NA,"Language","Siwu_26_Shape_org",0,0,0,0,2,2,1,1,0,0,0,2,0,0,0,NA,NA,NA,NA,0,0,0,0,0,0,1,1,0,0,0,2,1,1,1,0,1,0.55,0.125661346855074,-0.14451121373755,1
"219","s<U+0254>dz<U+0254>l<U+0254><U+0254>","ellipsoid","Siwu","Shape","ellipsoïde, langgerekt",NA,"Language","Siwu_27_Shape_org",0,0,0,0,2,1,1,1,0,0,0,1,0,1,0,NA,NA,NA,NA,0,0,0,0,0,1,0,0,0,0,1,0,0,1,1,0,1,0.95,1.64485362695147,2.13366556753677,0
"220","fututu","purely white","Siwu","ColorVisual","sneeuwwit",NA,"Language","Siwu_28_ColorVisual_org",1,0,1,0,2,0,0,1,0,0,0,0,0,0,0,NA,NA,NA,NA,0,0,0,0,0,0,1,0,0,0,0,1,1,1,1,0,1,0.1,-1.2815515655446,-2.70746009267116,1
"221","p<U+025B>~<U+025B>~","focal red","Siwu","ColorVisual","knalrood",NA,"Language","Siwu_29_ColorVisual_org",0,1,0,0,0,0,1,1,0,0,0,1,0,0,0,NA,NA,NA,NA,0,0,0,0,0,0,0,0,0,0,0,0,0,0,0,0,0,0.4,-0.2533471031358,-0.998827506715421,0
"222","pu","thud, sound of dull impact","Siwu","Sound","doffe klap",NA,"Language","Siwu_3_Sound_org",0,1,0,0,2,0,0,1,1,0,0,2,1,0,1,NA,NA,NA,NA,1,0,0,0,1,0,0,1,0,1,0,1,1,3,1,1,3,0.6,0.2533471031358,0.14026088392174,3
"223","gãã","red-hot","Siwu","ColorVisual","roodgloeiend",NA,"Language","Siwu_30_ColorVisual_org",0,1,0,0,1,2,1,1,0,0,0,1,0,0,0,NA,NA,NA,NA,0,0,0,0,0,0,0,0,0,0,0,0,0,0,0,0,0,0.75,0.674489750196082,0.994577176899611,0
"224","kpìnàkpìnà","black, dark","Siwu","ColorVisual","zwart, donker",NA,"Language","Siwu_31_ColorVisual_org",1,0,0,0,0,1,0,1,0,0,0,2,0,0,0,NA,NA,NA,NA,0,0,0,0,0,0,0,0,0,0,0,0,0,0,0,0,0,0.75,0.674489750196082,0.994577176899611,0
"225","gelegele","shiny","Siwu","ColorVisual","glinsterend",NA,"Language","Siwu_32_ColorVisual_org",1,0,0,0,0,2,0,2,0,1,0,0,0,0,0,NA,NA,NA,NA,0,1,0,0,0,0,0,1,1,1,0,2,1,2,1,1,2,0.7,0.524400512708041,0.70980507924032,2
"226","muny<U+025B>~muny<U+025B>~","sparkling","Siwu","ColorVisual","fonkelend",NA,"Language","Siwu_33_ColorVisual_org",1,0,0,0,1,2,0,1,0,1,0,0,0,0,0,NA,NA,NA,NA,0,1,0,0,0,0,0,0,0,1,0,0,0,1,1,0,1,0.45,-0.125661346855074,-0.714055409056131,1
"227","w<U+0254>~rãw<U+0254>~rã","spotted","Siwu","ColorVisual","gespikkeld",NA,"Language","Siwu_34_ColorVisual_org",1,0,0,0,2,1,0,1,0,1,1,1,0,0,0,NA,NA,NA,NA,0,1,0,0,0,0,0,0,0,1,0,0,0,1,1,0,1,0.6,0.2533471031358,0.14026088392174,1
"228","tòlontòlontòlon","sound of water drops","Siwu","Sound","druppelen",NA,"Language","Siwu_4_Sound_org",1,0,0,1,2,1,0,1,1,1,0,0,0,0,0,NA,NA,NA,NA,1,1,0,0,0,0,0,0,0,1,0,0,0,2,1,1,2,0.85,1.03643338949379,1.56412137221819,2
"229","gblogblogblo","bubble","Siwu","Sound","borrelen",NA,"Language","Siwu_5_Sound_org",1,0,0,0,2,2,0,1,1,1,0,1,0,1,0,NA,NA,NA,NA,1,1,0,0,0,0,0,0,0,1,0,0,0,2,1,1,2,0.8,0.841621233572914,1.2793492745589,2
"230","wùrùfùù","fluffy","Siwu","Texture","pluizig",NA,"Language","Siwu_6_Texture_org",0,0,0,0,2,0,1,1,0,0,0,1,0,0,0,NA,"M_weight: I wonder whether NA would be better than 1 in cases like this",NA,NA,0,0,0,0,0,0,0,0,0,0,0,0,0,0,0,0,0,0.55,0.125661346855074,-0.14451121373755,0
"231","wòsòròò","rough","Siwu","Texture","ruw",NA,"Language","Siwu_7_Texture_org",0,0,0,0,2,0,1,1,0,0,1,1,0,0,0,NA,NA,NA,NA,0,0,0,0,0,0,0,0,0,0,0,0,0,0,0,0,0,0.65,0.385320466407568,0.42503298158103,0
"232","fw<U+025B>~fw<U+025B>~","elastic, springy, yielding to the touch","Siwu","Texture","zacht en meegevend",NA,"Language","Siwu_8_Texture_org",1,0,0,0,0,0,0,1,0,0,0,1,0,0,0,NA,"M_distribution coding influenced by my knowledge of the use of this form",NA,NA,0,0,0,0,0,0,0,0,0,0,0,0,0,0,0,0,0,0.4,-0.2533471031358,-0.998827506715421,0
"233","p<U+0254>l<U+0254>p<U+0254>l<U+0254>","smooth","Siwu","Texture","glad",NA,"Language","Siwu_9_Texture_org",1,0,0,0,2,0,0,2,0,0,0,1,0,0,0,NA,NA,NA,NA,0,0,0,0,0,0,0,0,0,0,0,0,0,0,0,0,0,0.45,-0.125661346855074,-0.714055409056131,0
"234","tsuyatsuya","shiny","Japanese","Other","glanzend","mat","Collabra","tsuyatsuya",1,0,0,0,2,0,0,1,0,0,0,0,0,0,0,NA,NA,NA,NA,0,0,0,0,0,0,1,0,0,0,0,1,1,1,1,0,1,0.620689655172414,0.307292571201156,-0.768316601703887,1
"235","ujauja","crowded","Japanese","ColorVisual","krioelend","onbezet","Collabra","ujauja",1,0,0,0,2,2,0,1,0,1,1,1,0,1,0,NA,NA,NA,NA,0,1,0,0,0,0,0,0,0,1,0,0,0,1,1,0,1,0.793103448275862,0.8172368220294,0.448184684327268,1
"236","ukiuki","cheerful","Japanese","Other","vrolijk","verdrietig","Collabra","ukiuki",1,0,0,0,1,0,0,1,0,0,0,1,0,0,0,NA,NA,NA,NA,0,0,0,0,0,0,0,0,0,0,0,0,0,0,0,0,0,0.620689655172414,0.307292571201156,-0.768316601703887,0
"237","yoroyoro","unsteady/tottering","Japanese","Other","waggelend","bestendig","Collabra","yoroyoro",1,0,0,0,2,1,0,1,0,1,1,1,0,1,0,NA,NA,NA,NA,0,1,0,0,0,0,0,0,0,1,0,0,0,1,1,0,1,0.586206896551724,0.217798379927398,-1.01161685891012,1
"238","yurayura","wobbling","Japanese","Motion","wiebelend","stilzittend","Collabra","yurayura",1,0,0,0,2,1,0,1,0,1,1,1,0,1,0,NA,NA,NA,NA,0,1,0,0,0,0,0,0,0,1,0,0,0,1,1,0,1,0.793103448275862,0.8172368220294,0.448184684327268,1
"239","zukezuke","blunt","Japanese","Shape","kortaf","beleefd","Collabra","zukezuke",1,0,0,0,1,1,0,1,0,0,0,1,0,0,0,NA,NA,NA,NA,0,0,0,0,0,0,0,0,0,0,0,0,0,0,0,0,0,0.517241379310345,0.0432311911528176,-1.49821737332258,0
