"","ideophone","meaning","language","category","meaning_NL","meaning_NL_opposite","study","filename","C_cumulative","F_redup","F_monosyllabic","F_redupmod","F_closedsyllable","F_vowelquality","F_voice","F_finallength","F_intonation","M_sound","M_distribution","M_irregular","M_weight","M_punctual","M_long","M_abrupt","F_notes_MD","M_notes_MD","F_notes_SP","M_notes_SP","C_modality","C_iterative","C_irregular","C_closure","C_punctual","C_long","C_weight_voice","C_weight_vowel","C_weight_tone","C_aspect","C_length","C_weight","C_magnitude","C_any1","C_atleast2","C_ternary","score","logodds","score_z","rating","rating_z"
"1","bɔyibɔyi","soft+stretchy (e.g. chewing gum or a stretch of skin)","Ewe","Texture","zacht en rekbaar",NA,"Language","Ewe_10_Texture",0,1,0,0,0,1,2,0,1,0,0,0,1,0,0,0,NA,NA,NA,NA,0,0,0,0,0,0,0,0,0,0,0,0,0,0,0,0,0.55,0.125661346855074,-0.14451121373755,3.1,0.203404927315368
"2","wudɔwudɔ","soft+flubby","Ewe","Texture","flubberig",NA,"Language","Ewe_11_Texture",2,1,0,0,0,2,2,0,1,0,0,0,2,0,0,0,NA,NA,NA,NA,0,0,0,0,0,0,1,1,0,0,0,2,1,1,0,1,0.55,0.125661346855074,-0.14451121373755,3.33333333333333,0.488876546289916
"3","dzekedzeke","fluffy+furry+","Ewe","Texture","donzig, pluizig",NA,"Language","Ewe_12_Texture",1,1,0,0,0,0,1,0,1,0,0,0,0,0,0,0,NA,NA,"F_voice: dz- (en kp-, gb-, ts-) als 1 voiced consonant",NA,0,0,0,0,0,0,0,1,0,0,0,1,1,1,0,1,0.45,-0.125661346855074,-0.714055409056131,2.15555555555556,-0.952075435200661
"4","ƒlatsaƒlatsa","rough, fine grain, like sandpaper","Ewe","Texture","korrelig oppervlak",NA,"Language","Ewe_13_Texture",0,1,0,0,0,1,0,0,1,0,0,0,1,0,0,0,NA,NA,NA,NA,0,0,0,0,0,0,0,0,0,0,0,0,0,0,0,0,0.35,-0.385320466407568,-1.28359960437471,2.745,-0.23091975012448
"5","klitsaklitsa","rough, coarse grain, like a rocky surface","Ewe","Texture","ruw oppervlak",NA,"Language","Ewe_14_Texture",0,1,0,0,0,0,0,0,1,0,0,1,1,0,0,0,NA,NA,NA,NA,0,0,0,0,0,0,0,0,0,0,0,0,0,0,0,0,0.35,-0.385320466407568,-1.28359960437471,2.71,-0.273740492970663
"6","kpraɖii","hard, not necessarily rough","Ewe","Texture","hard oppervlak",NA,"Language","Ewe_15_Texture",0,0,0,0,0,0,1,1,1,0,0,0,1,0,0,0,NA,NA,NA,NA,0,0,0,0,0,0,0,0,0,0,0,0,0,0,0,0,0.45,-0.125661346855074,-0.714055409056131,2.02777777777778,-1.10840513130577
"7","tsinitsini","smooth","Ewe","Texture","glad oppervlak",NA,"Language","Ewe_16_Texture",0,1,0,0,0,0,1,0,2,0,0,0,1,0,0,0,NA,NA,NA,NA,0,0,0,0,0,0,0,0,0,0,0,0,0,0,0,0,0.5,0,-0.429283311396841,2.18947368421053,-0.910578307630424
"8","takataka","walk without care, meandering a bit, scattered walk — “taking strides takataka”","Ewe","Motion","struinen",NA,"Language","Ewe_17_Motion",1,1,0,0,0,1,0,0,1,0,1,1,1,0,1,0,NA,NA,NA,NA,0,1,0,0,0,0,0,0,0,1,0,0,0,1,0,1,0.3,-0.524400512708041,-1.568371702034,2.33333333333333,-0.734573249315289
"9","ka ka ka","to walk straight in clear steps","Ewe","Motion","doelgericht lopen",NA,"Language","Ewe_18_Motion",1,1,0,0,0,1,0,0,1,0,1,0,1,0,1,0,NA,NA,NA,NA,0,1,0,0,0,0,0,0,0,1,0,0,0,1,0,1,0.7,0.524400512708041,0.70980507924032,4.09444444444444,1.42005777961166
"10","lúmɔlúmɔ","the hurried running of small animals","Ewe","Motion","snel trippelen",NA,"Language","Ewe_19_Motion",2,1,0,0,0,2,2,0,2,0,1,0,0,0,1,0,NA,NA,NA,NA,0,1,0,0,0,0,0,0,1,1,0,1,1,1,1,2,0.55,0.125661346855074,-0.14451121373755,2.9,-0.0412850318056737
"11","gbììm","thud","Ewe","Sound","boem",NA,"Language","Ewe_1_Sound",4,0,1,0,1,0,2,0,1,1,0,0,2,1,0,1,NA,NA,NA,NA,1,0,0,1,1,0,1,0,0,1,1,1,1,1,1,3,0.7,0.524400512708041,0.70980507924032,4.03333333333333,1.34529140321356
"12","kodzokodzo","walk with the body bent forward","Ewe","Motion","voorovergebogen lopen",NA,"Language","Ewe_20_Motion",1,1,0,0,0,2,1,0,1,0,1,0,1,0,1,0,NA,NA,NA,NA,0,1,0,0,0,0,0,0,0,1,0,0,0,1,0,1,0.45,-0.125661346855074,-0.714055409056131,3.44210526315789,0.621953541601359
"13","kpaɖikpaɖi","walking with limbs closely together","Ewe","Motion","met je benen dicht bij elkaar lopen",NA,"Language","Ewe_21_Motion",1,1,0,0,0,0,1,0,1,0,1,0,1,0,1,0,NA,NA,NA,NA,0,1,0,0,0,0,0,0,0,1,0,0,0,1,0,1,0.3,-0.524400512708041,-1.568371702034,2.48947368421053,-0.543543368948864
"14","gblɔdɔɔ","walk slowly, weakly","Ewe","Motion","sjokken",NA,"Language","Ewe_22_Motion",3,0,0,0,0,2,2,1,1,0,1,0,2,0,1,0,NA,NA,NA,NA,0,0,0,0,0,1,1,1,0,0,1,2,1,1,1,2,0.65,0.385320466407568,0.42503298158103,3.26842105263158,0.409459629733087
"15","tyatya","walk (or do sth) fast","Ewe","Motion","snel wandelen",NA,"Language","Ewe_23_Motion",1,1,0,0,0,1,0,0,1,0,1,0,1,0,1,0,NA,NA,NA,NA,0,1,0,0,0,0,0,0,0,1,0,0,0,1,0,1,0.8,0.841621233572914,1.2793492745589,3.57222222222222,0.781145108573381
"16","gelegele","rolling (of a log), where vowel quality modifies size","Ewe","Motion","rollen van iets langs (b.v. een boomstam)",NA,"Language","Ewe_24_Motion",1,1,0,0,0,0,2,0,2,0,1,0,1,0,1,0,NA,NA,NA,NA,0,1,0,0,0,0,0,0,0,1,0,0,0,1,0,1,0.65,0.385320466407568,0.42503298158103,2.62222222222222,-0.381132197251565
"17","tolitoli","rolling (of a spherical object)","Ewe","Motion","rollen van iets rongs (b.v. een voetbal)",NA,"Language","Ewe_25_Motion",1,1,0,0,0,1,0,0,1,0,1,0,1,0,1,0,NA,NA,NA,NA,0,1,0,0,0,0,0,0,0,1,0,0,0,1,0,1,0.6,0.2533471031358,0.14026088392174,3.65555555555556,0.883099258207148
"18","bulubulu","walking without looking where one is going","Ewe","Motion","lopen zonder te kijken",NA,"Language","Ewe_26_Motion",1,1,0,0,0,2,2,0,1,0,1,0,1,0,1,0,NA,NA,NA,NA,0,1,0,0,0,0,0,0,0,1,0,0,0,1,0,1,0.4,-0.2533471031358,-0.998827506715421,2.42,-0.628540933696172
"19","kplakplakpla","walking hurriedly","Ewe","Motion","gehaast lopen",NA,"Language","Ewe_27_Motion",1,1,0,0,0,1,0,0,1,0,1,0,1,0,1,0,NA,NA,NA,NA,0,1,0,0,0,0,0,0,0,1,0,0,0,1,0,1,0.45,-0.125661346855074,-0.714055409056131,3.085,0.185053180381289
"20","toɖoo","round","Ewe","Shape","ronde vorm",NA,"Language","Ewe_28_Shape",0,0,0,0,0,2,1,1,1,0,0,0,1,0,0,0,NA,NA,NA,NA,0,0,0,0,0,0,0,0,0,0,0,0,0,0,0,0,0.5,0,-0.429283311396841,3.43888888888889,0.618018469159354
"21","glɔmɔɔ","with a bulge somewhere, deviating from spherical","Ewe","Shape","uitpuilende vorm",NA,"Language","Ewe_29_Shape",2,0,0,0,0,2,2,1,1,0,0,1,2,0,0,0,NA,NA,NA,NA,0,0,0,0,0,0,1,1,0,0,0,2,1,1,1,1,0.7,0.524400512708041,0.70980507924032,3.71111111111111,0.951068691296326
"22","kpa","sound of a slap","Ewe","Sound","geluid van een mep",NA,"Language","Ewe_2_Sound",3,0,1,0,0,1,0,0,1,1,0,0,0,1,0,1,NA,NA,NA,NA,1,0,0,0,1,0,1,0,0,1,0,1,1,1,1,3,0.7,0.524400512708041,0.70980507924032,4.08888888888889,1.41326083630274
"23","lɛgbɛɛ","long","Ewe","Shape","lange vorm",NA,"Language","Ewe_30_Shape",1,0,0,0,0,0,2,1,1,0,0,0,1,0,1,0,NA,NA,NA,NA,0,0,0,0,0,1,0,0,0,0,1,0,0,1,0,1,0.6,0.2533471031358,0.14026088392174,3.92105263157895,1.20792160160175
"24","dzɔvuu","bloated, raised+spongy aspect to it","Ewe","Shape","opgezwollen, sponzige vorm",NA,"Language","Ewe_31_Shape",2,0,0,0,0,2,2,1,1,0,0,0,2,0,0,0,NA,NA,NA,NA,0,0,0,0,0,0,1,1,0,0,0,2,1,1,1,1,0.8,0.841621233572914,1.2793492745589,3.45789473684211,0.64127116995302
"25","lɔbɔɔ","long+rounded","Ewe","Shape","lang en ronde vorm",NA,"Language","Ewe_32_Shape",1,0,0,0,0,2,2,1,1,0,0,0,1,0,1,0,NA,NA,NA,NA,0,0,0,0,0,1,0,0,0,0,1,0,0,1,0,1,0.55,0.125661346855074,-0.14451121373755,4.02222222222222,1.33169751659572
"26","prontoe","the protruding pointy tummy of a pregnant woman","Ewe","Shape","vorm van een  hoogzwangere buik",NA,"Language","Ewe_33_Shape",1,0,0,0,0,2,0,1,2,0,0,0,2,0,0,0,NA,NA,NA,NA,0,0,0,0,0,0,0,1,0,0,0,1,1,1,0,1,0.6,0.2533471031358,0.14026088392174,2.73333333333333,-0.245193331073208
"27","goroo","round+spherical","Ewe","Shape","bolvormig",NA,"Language","Ewe_34_Shape",0,0,0,0,0,2,2,1,1,0,0,0,1,0,0,0,NA,NA,NA,NA,0,0,0,0,0,0,0,0,0,0,0,0,0,0,0,0,0.65,0.385320466407568,0.42503298158103,3.63,0.851833318986127
"28","falefale","thin+flat (e.g. leaf, piece of paper)","Ewe","Shape","dun en plat (b.v. papier)",NA,"Language","Ewe_35_Shape",2,1,0,0,0,0,0,0,1,0,0,0,0,0,0,0,NA,NA,NA,NA,0,0,0,0,0,0,1,1,0,0,0,2,1,1,1,1,0.75,0.674489750196082,0.994577176899611,3.1,0.203404927315368
"29","fitaa/futaa","purely white","Ewe","ColorVisual","sneeuwwit (perfect wit)",NA,"Language","Ewe_36_ColorVisual",1,0,0,0,0,1,0,1,2,0,0,0,0,0,0,0,NA,NA,NA,NA,0,0,0,0,0,0,1,0,1,0,0,2,1,1,0,1,0.65,0.385320466407568,0.42503298158103,2.37777777777778,-0.680197702843947
"30","yibɔɔ","black","Ewe","ColorVisual","pikzwart",NA,"Language","Ewe_37_ColorVisual",1,0,0,0,0,1,2,1,1,0,0,0,2,0,0,0,NA,NA,"F_vowelquality: lange <ɔɔ> heb ik als 1 klinker beschouwd",NA,0,0,0,0,0,0,1,0,0,0,0,1,1,1,0,1,0.5,0,-0.429283311396841,3.16111111111111,0.278171303713463
"31","hɛ̃ɛ̃ɛ̃","focal red","Ewe","ColorVisual","knalrood",NA,"Language","Ewe_38_ColorVisual",0,0,1,0,0,0,0,1,1,0,0,0,1,0,0,0,NA,NA,"F_voice: h als voiced consonant in Ewe, dus mostly voiced (2).",NA,0,0,0,0,0,0,0,0,0,0,0,0,0,0,0,0,0.45,-0.125661346855074,-0.714055409056131,1.4,-1.87645972521348
"32","kpííí","light greyish","Ewe","ColorVisual","lichtgrijs",NA,"Language","Ewe_39_ColorVisual",2,0,1,0,0,0,0,1,1,0,0,0,0,0,0,0,NA,NA,NA,NA,0,0,0,0,0,0,1,1,0,0,0,2,1,1,0,1,0.6,0.2533471031358,0.14026088392174,2.02105263157895,-1.11663301004814
"33","kpo","sound of falling","Ewe","Sound","geluid van iets vallends",NA,"Language","Ewe_3_Sound",2,0,1,0,0,2,0,0,1,1,0,0,1,1,0,1,NA,NA,NA,NA,1,0,0,0,1,0,0,0,0,1,0,0,0,1,1,2,0.5,0,-0.429283311396841,3.88947368421053,1.16928634489842
"34","mumu","green-fresh (of young leaves)","Ewe","ColorVisual","lichtgroen van jonge bladeren",NA,"Language","Ewe_40_ColorVisual",0,1,0,0,0,2,2,0,1,0,0,0,0,0,0,0,NA,NA,NA,NA,0,0,0,0,0,0,0,0,0,0,0,0,0,0,0,0,0.4,-0.2533471031358,-0.998827506715421,1.45,-1.81528723543322
"35","wãtãwãtã","spotted","Ewe","ColorVisual","gestippeld",NA,"Language","Ewe_41_ColorVisual",1,1,0,0,0,1,0,0,1,0,1,1,1,0,0,0,NA,NA,NA,NA,0,1,0,0,0,0,0,0,0,1,0,0,0,1,0,1,0.7,0.524400512708041,0.70980507924032,2.86,-0.0902230236298819
"36","mlámlá","shiny","Ewe","ColorVisual","glanzend,  glimmend",NA,"Language","Ewe_42_ColorVisual",1,1,0,0,0,1,2,0,2,0,0,0,0,0,0,0,NA,NA,NA,NA,0,0,0,0,0,0,0,0,1,0,0,1,1,1,0,1,0.7,0.524400512708041,0.70980507924032,3.455,0.637729604755216
"37","kpótókpótó","sound of small drum","Ewe","Sound","geluid van een trommeltje",NA,"Language","Ewe_4_Sound",2,1,0,0,0,2,0,0,1,1,1,0,1,0,0,0,NA,"M_distribution: translation suggests punctuality but should have been ""sound of playing a small drum""",NA,NA,1,1,0,0,0,0,0,0,0,1,0,0,0,1,1,2,0.9,1.2815515655446,1.84889346987748,4.33157894736842,1.71017993874494
"38","gblóó","falling flat","Ewe","Sound","geluid van iets dat plat neervalt",NA,"Language","Ewe_5_Sound",2,0,1,0,0,2,2,1,1,1,0,0,1,1,0,1,NA,NA,NA,NA,1,0,0,0,1,0,0,0,0,1,0,0,0,1,1,2,0.6,0.2533471031358,0.14026088392174,3.21111111111111,0.339343793493723
"39","gbóvúú","falling in an uneven way (e.g. knees first)","Ewe","Sound","geluid van iets in elkaar zakkends",NA,"Language","Ewe_6_Sound",1,0,0,0,0,2,2,0,1,1,0,1,1,1,0,0,NA,NA,"f_finalvowel: wel (1) volgens transcriptie, maar niet goed te horen in audiofile",NA,1,0,0,0,0,0,0,0,0,0,0,0,0,1,0,1,0.7,0.524400512708041,0.70980507924032,4.6,2.03857962072318
"40","hoo","sound of crying out (often repeated)","Ewe","Sound","geluid van een kreet, schreeuw",NA,"Language","Ewe_7_Sound",2,0,1,0,0,2,0,1,1,1,0,0,1,1,0,0,NA,NA,NA,NA,1,0,0,0,1,0,0,0,0,1,0,0,0,1,1,2,0.6,0.2533471031358,0.14026088392174,2.78,-0.188099007278298
"41","butubutu","sound of mumbling voice","Ewe","Sound","gemompel",NA,"Language","Ewe_8_Sound",2,1,0,0,0,2,1,0,1,1,1,0,1,0,0,0,NA,NA,NA,NA,1,1,0,0,0,0,0,0,0,1,0,0,0,1,1,2,0.65,0.385320466407568,0.42503298158103,3.63,0.851833318986127
"42","bɔlɔbɔlɔ","soft+malleable (e.g. the belly of a fat person, a cushion)","Ewe","Texture","zacht en plooibaar",NA,"Language","Ewe_9_Texture",0,1,0,0,0,2,2,0,1,0,0,0,1,0,0,0,NA,NA,NA,NA,0,0,0,0,0,0,0,0,0,0,0,0,0,0,0,0,0.65,0.385320466407568,0.42503298158103,3.14444444444444,0.257780473786709
"43","pon","plop, like opening a beer bottle","Japanese","Sound","ploppend geluid",NA,"Language","Japanese_10_Sound",3,0,1,0,1,2,1,0,2,1,0,0,1,1,0,1,NA,NA,NA,NA,1,0,0,1,1,0,0,0,0,1,1,0,0,1,1,3,0.95,1.64485362695147,2.13366556753677,3.795,1.05370253526099
"44","zaa zaa","sound of rain, shower","Japanese","Sound","kletterend geluid",NA,"Language","Japanese_11_Sound",2,1,0,0,0,1,2,0,1,1,1,0,1,0,0,0,NA,NA,NA,NA,1,1,0,0,0,0,0,0,0,1,0,0,0,1,1,2,0.4,-0.2533471031358,-0.998827506715421,1.87,-1.30143832127904
"45","fuwafuwa","fluffy","Japanese","Texture","donzig, pluizig",NA,"Language","Japanese_12_Texture",1,1,0,0,0,2,0,0,1,0,0,0,0,0,0,0,NA,NA,NA,"M_weight: dingen als donzig heb ik als (2) gedaan, ook al is het ook wel licht meestal, maar focus ligt hier voor mij op het zachte",0,0,0,0,0,0,1,0,0,0,0,1,1,1,0,1,0.85,1.03643338949379,1.56412137221819,3.41111111111111,0.584033752614765
"46","pasapasa","dry, brittle","Japanese","Texture","broos",NA,"Language","Japanese_13_Texture",1,1,0,0,0,1,0,0,1,0,0,0,0,0,0,0,NA,NA,NA,NA,0,0,0,0,0,0,1,0,0,0,0,1,1,1,0,1,0.75,0.674489750196082,0.994577176899611,2.41666666666667,-0.632619099681523
"47","nebaneba","sticky","Japanese","Texture","kleverig",NA,"Language","Japanese_14_Texture",0,1,0,0,0,0,2,0,1,0,0,0,1,0,0,0,NA,NA,NA,NA,0,0,0,0,0,0,0,0,0,0,0,0,0,0,0,0,0.5,0,-0.429283311396841,2.44736842105263,-0.595057044553294
"48","gitogito","being oily","Japanese","Texture","glibberig",NA,"Language","Japanese_15_Texture",0,1,0,0,0,1,1,0,1,0,0,0,1,0,0,0,NA,NA,NA,NA,0,0,0,0,0,0,0,0,0,0,0,0,0,0,0,0,0.55,0.125661346855074,-0.14451121373755,2.1578947368421,-0.949213564333748
"49","tsuru tsuru","slippery, smooth surface","Japanese","Texture","glad (zoals ijs is)",NA,"Language","Japanese_16_Texture",0,1,0,0,0,2,0,0,1,0,0,0,1,0,0,0,NA,NA,NA,NA,0,0,0,0,0,0,0,0,0,0,0,0,0,0,0,0,0.5,0,-0.429283311396841,2.00526315789474,-1.1359506383998
"50","deko boko","bumpy","Japanese","Texture","hobbelig",NA,"Language","Japanese_17_Texture",2,1,0,1,0,2,1,0,1,0,1,1,1,0,0,0,"F_partialredup: count as full with vowel mod or as partial?",NA,NA,NA,0,1,1,0,0,0,0,0,0,1,0,0,0,1,1,2,0.75,0.674489750196082,0.994577176899611,3.87222222222222,1.14818004725494
"51","kachi kachi","sehr hart","Japanese","Texture","heel hard oppervlak",NA,"Language","Japanese_18_Texture",0,1,0,0,0,0,0,0,1,0,0,0,1,0,0,0,NA,NA,NA,NA,0,0,0,0,0,0,0,0,0,0,0,0,0,0,0,0,0.6,0.2533471031358,0.14026088392174,3.50555555555556,0.699581788866368
"52","sarasara","smooth, (hair)","Japanese","Texture","glad, soepel",NA,"Language","Japanese_19_Texture",0,1,0,0,0,1,0,0,1,0,0,0,1,0,0,0,NA,NA,NA,NA,0,0,0,0,0,0,0,0,0,0,0,0,0,0,0,0,0.55,0.125661346855074,-0.14451121373755,2.505,-0.52454770106973
"53","wan wan","dog barking","Japanese","Sound","geluid van een blaffende hond",NA,"Language","Japanese_1_Sound",3,1,0,0,1,1,2,0,1,1,1,0,1,0,0,1,NA,NA,NA,NA,1,1,0,1,0,0,0,0,0,1,1,0,0,1,1,3,0.8,0.841621233572914,1.2793492745589,3.13333333333333,0.244186587168874
"54","nurunuru","slimy","Japanese","Texture","slijmerig",NA,"Language","Japanese_20_Texture",0,1,0,0,0,2,2,0,1,0,0,0,1,0,0,0,NA,NA,NA,NA,0,0,0,0,0,0,0,0,0,0,0,0,0,0,0,0,0.5,0,-0.429283311396841,2.5,-0.530664950047756
"55","zarazara","rough","Japanese","Texture","ruw",NA,"Language","Japanese_21_Texture",0,1,0,0,0,1,2,0,1,0,0,1,1,0,0,0,NA,NA,NA,NA,0,0,0,0,0,0,0,0,0,0,0,0,0,0,0,0,0.7,0.524400512708041,0.70980507924032,2.74,-0.237036999102506
"56","kyutto","schnell und fest schnüren","Japanese","Motion","secuur vastknopen",NA,"Language","Japanese_22_Motion",0,0,0,0,0,2,0,0,2,0,0,0,1,0,0,0,NA,NA,NA,NA,0,0,0,0,0,0,0,0,0,0,0,0,0,0,0,0,0.7,0.524400512708041,0.70980507924032,3.05,0.142232437535107
"57","sa satto","acting fast","Japanese","Motion","snel handelen",NA,"Language","Japanese_23_Motion",0,0,0,0,0,2,0,0,1,0,0,0,1,0,0,0,NA,NA,NA,NA,0,0,0,0,0,0,0,0,0,0,0,0,0,0,0,0,0.75,0.674489750196082,0.994577176899611,3.37777777777778,0.543252092761259
"58","pyon pyon","manner of jumping or hopping repeatedly","Japanese","Motion","(blijven) huppelen",NA,"Language","Japanese_24_Motion",1,1,0,0,1,2,1,0,1,0,1,0,1,0,1,0,NA,NA,NA,NA,0,1,0,0,0,0,0,0,0,1,0,0,0,1,0,1,0.6,0.2533471031358,0.14026088392174,4.18,1.52473070656899
"59","yurayura","sway to and fro","Japanese","Motion","heen en weer slingeren",NA,"Language","Japanese_25_Motion",1,1,0,0,0,2,1,0,1,0,1,0,1,0,1,0,NA,NA,NA,NA,0,1,0,0,0,0,0,0,0,1,0,0,0,1,0,1,0.65,0.385320466407568,0.42503298158103,3.16666666666667,0.284968247022382
"60","fuwari","floating, drifting lightly","Japanese","Motion","drijven, zweven",NA,"Language","Japanese_26_Motion",1,0,0,0,0,1,0,0,1,0,0,0,0,0,1,0,NA,NA,NA,NA,0,0,0,0,0,0,1,0,0,0,0,1,1,1,0,1,0.5,0,-0.429283311396841,2.43684210526316,-0.6079354634544
"61","daradara","langsame bewegung","Japanese","Motion","langzame beweging, lui",NA,"Language","Japanese_27_Motion",1,1,0,0,0,1,2,0,1,0,0,0,2,0,1,0,NA,NA,NA,NA,0,0,0,0,0,0,1,0,0,0,0,1,1,1,0,1,0.15,-1.03643338949379,-2.42268799501187,1.64444444444444,-1.5773942196211
"62","gorogoro","drehend, sich rollend","Japanese","Motion","draaiend, rollend",NA,"Language","Japanese_28_Motion",1,1,0,0,0,2,2,0,1,0,1,0,1,0,1,0,NA,NA,NA,NA,0,1,0,0,0,0,0,0,0,1,0,0,0,1,0,1,0.75,0.674489750196082,0.994577176899611,3.39444444444444,0.563642922688011
"63","yota yota","the manner of walking with heavy faltering steps","Japanese","Motion","langzaam,  zwaar, en onzeker lopen",NA,"Language","Japanese_29_Motion",2,1,0,0,0,2,0,0,1,0,1,0,2,0,1,0,NA,NA,NA,NA,0,1,0,0,0,0,0,1,0,1,0,1,1,1,1,2,0.4,-0.2533471031358,-0.998827506715421,1.57894736842105,-1.65752660389466
"64","choki choki","scissors snipping","Japanese","Sound","geluid van een knippende schaar",NA,"Language","Japanese_2_Sound",2,1,0,0,0,1,0,0,1,1,1,0,1,0,0,0,NA,NA,NA,NA,1,1,0,0,0,0,0,0,0,1,0,0,0,1,1,2,0.75,0.674489750196082,0.994577176899611,3.99444444444444,1.29771280005114
"65","zuratto","state of things being arranged in a line","Japanese","Shape","opgelijnd",NA,"Language","Japanese_30_Shape",0,0,0,0,0,2,1,0,1,0,1,0,1,0,0,0,NA,NA,NA,NA,0,0,0,0,0,0,0,0,0,0,0,0,0,0,0,0,0.4,-0.2533471031358,-0.998827506715421,2.41111111111111,-0.639416042990441
"66","hyorohyoro","froot,mager, hager","Japanese","Shape","mager",NA,"Language","Japanese_31_Shape",1,1,0,0,0,2,0,0,1,0,0,0,0,0,0,0,NA,NA,NA,NA,0,0,0,0,0,0,1,0,0,0,0,1,1,1,0,1,0.5,0,-0.429283311396841,2.33333333333333,-0.734573249315289
"67","tsun-tsun","the state in which something small is sharp pointed","Japanese","Shape","kleine en scherpe vorm, vorm",NA,"Language","Japanese_32_Shape",0,1,0,0,1,2,1,0,1,0,0,0,0,0,0,0,NA,NA,NA,NA,0,0,0,0,0,0,0,0,0,0,0,0,0,0,0,0,0.6,0.2533471031358,0.14026088392174,2.58947368421053,-0.421198389388343
"68","guu","protruding","Japanese","Shape","uitpuilend",NA,"Language","Japanese_33_Shape",2,0,1,0,0,2,2,1,1,0,0,0,2,0,0,0,NA,NA,NA,NA,0,0,0,0,0,0,1,1,0,0,0,2,1,1,1,1,0.45,-0.125661346855074,-0.714055409056131,3.03684210526316,0.126134413908723
"69","mokomoko","weich voluminös warm","Japanese","Shape","week en warm",NA,"Language","Japanese_34_Shape",1,1,0,0,0,2,1,0,1,0,0,0,2,0,0,0,NA,NA,NA,NA,0,0,0,0,0,0,0,1,0,0,0,1,1,1,0,1,0.55,0.125661346855074,-0.14451121373755,2.52777777777778,-0.496680233503166
"70","perapera","dünn","Japanese","Shape","dun",NA,"Language","Japanese_35_Shape",2,1,0,0,0,0,0,0,1,0,0,0,0,0,0,0,NA,NA,NA,NA,0,0,0,0,0,0,1,1,0,0,0,2,1,1,1,1,0.4,-0.2533471031358,-0.998827506715421,2.23888888888889,-0.850121285566893
"71","sura-to","Hochgewachsen Schlank","Japanese","Shape","rank",NA,"Language","Japanese_36_Shape",1,0,0,0,0,2,0,0,1,0,0,0,0,0,0,0,NA,NA,NA,NA,0,0,0,0,0,0,1,0,0,0,0,1,1,1,0,1,0.7,0.524400512708041,0.70980507924032,3.045,0.136115188557081
"72","pocha-to","pummelig","Japanese","Shape","mollig",NA,"Language","Japanese_37_Shape",1,0,0,0,0,2,0,0,1,0,0,0,2,0,0,0,NA,NA,NA,NA,0,0,0,0,0,0,0,1,0,0,0,1,1,1,0,1,0.5,0,-0.429283311396841,2.3,-0.775354909168797
"73","pan pan","prall gefüllt","Japanese","Shape","tot knappen opgeblazen",NA,"Language","Japanese_38_Shape",0,1,0,0,1,1,1,0,1,0,0,0,2,0,0,0,NA,NA,NA,NA,0,0,0,0,0,0,0,0,0,0,0,0,0,0,0,0,0.9,1.2815515655446,1.84889346987748,3.93,1.21886825766769
"74","pikapika","glittering","Japanese","ColorVisual","glinstering",NA,"Language","Japanese_39_ColorVisual",3,1,0,0,0,0,0,0,1,0,1,0,0,0,0,0,NA,NA,NA,NA,0,1,0,0,0,0,1,1,0,1,0,2,1,1,1,2,0.4,-0.2533471031358,-0.998827506715421,3.08333333333333,0.183014097388615
"75","bon","boom, exploding sound","Japanese","Sound","explosie (boem)",NA,"Language","Japanese_3_Sound",5,0,1,0,1,2,2,0,1,1,0,0,2,1,0,1,NA,NA,NA,NA,1,0,0,1,1,0,1,1,0,1,1,2,1,1,1,3,0.95,1.64485362695147,2.13366556753677,4.25555555555556,1.61716913557027
"76","mero-mero","blurred","Japanese","ColorVisual","wazig",NA,"Language","Japanese_40_ColorVisual",0,1,0,0,0,1,2,0,1,0,0,0,1,0,0,0,NA,NA,NA,NA,0,0,0,0,0,0,0,0,0,0,0,0,0,0,0,0,0.6,0.2533471031358,0.14026088392174,2.18888888888889,-0.911293775347153
"77","giarigiari","bright (with respect to light)","Japanese","ColorVisual","fel licht",NA,"Language","Japanese_41_ColorVisual",1,1,0,0,0,0,2,0,1,0,0,0,0,0,0,0,NA,NA,NA,NA,0,0,0,0,0,0,0,1,0,0,0,1,1,1,0,1,0.6,0.2533471031358,0.14026088392174,1.62105263157895,-1.60601292829023
"78","kirakira","bright, sparkling","Japanese","ColorVisual","sprankelen",NA,"Language","Japanese_42_ColorVisual",3,1,0,0,0,0,0,0,1,0,1,0,0,0,0,0,NA,NA,NA,NA,0,1,0,0,0,0,1,1,0,1,0,2,1,1,1,2,0.75,0.674489750196082,0.994577176899611,3.11111111111111,0.216998813933203
"79","aka-aka","sehr rot","Japanese","ColorVisual","heel rood",NA,"Language","Japanese_43_ColorVisual",0,1,0,0,0,1,0,0,1,0,0,0,1,0,0,0,NA,NA,NA,NA,0,0,0,0,0,0,0,0,0,0,0,0,0,0,0,0,0.55,0.125661346855074,-0.14451121373755,2.55,-0.469492460267496
"80","bachabacha","water splashing","Japanese","Sound","geluid van spetterend water",NA,"Language","Japanese_4_Sound",2,1,0,0,0,1,1,0,1,1,1,1,1,0,0,0,NA,NA,NA,NA,1,1,0,0,0,0,0,0,0,1,0,0,0,1,1,2,0.7,0.524400512708041,0.70980507924032,3.63157894736842,0.853765081821293
"81","ton ton","knocking on door","Japanese","Sound","geluid van aankloppen",NA,"Language","Japanese_5_Sound",3,1,0,0,1,2,1,0,1,1,1,0,1,0,0,1,NA,NA,NA,NA,1,1,0,1,0,0,0,0,0,1,1,0,0,1,1,3,0.95,1.64485362695147,2.13366556753677,4.41052631578947,1.80676808050324
"82","garigari","scraping sound","Japanese","Sound","schrapend geluid",NA,"Language","Japanese_6_Sound",1,1,0,0,0,0,2,0,1,1,0,0,1,0,0,0,NA,NA,NA,NA,1,0,0,0,0,0,0,0,0,0,0,0,0,1,0,1,0.3,-0.524400512708041,-1.568371702034,1.83684210526316,-1.34200534081752
"83","boo boo","fire burning","Japanese","Sound","geluid van brandend vuur",NA,"Language","Japanese_7_Sound",2,1,0,0,0,2,2,0,1,1,1,0,1,0,1,0,"F_finalvowel: long?",NA,NA,NA,1,1,0,0,0,0,0,0,0,1,0,0,0,1,1,2,0.45,-0.125661346855074,-0.714055409056131,1.38888888888889,-1.89005361183132
"84","bari bari","crunchy sound (e.g. rice crackers)","Japanese","Sound","knisperend geluid",NA,"Language","Japanese_8_Sound",2,1,0,0,0,0,2,0,1,1,0,1,0,0,0,0,NA,"M_punctual: informed by English translation",NA,NA,1,0,0,0,0,0,0,1,0,0,0,1,1,1,1,2,0.5,0,-0.429283311396841,2.08333333333333,-1.04043569821659
"85","don","thud, schweres Fallen Aufprallen","Japanese","Sound","plof, bons",NA,"Language","Japanese_9_Sound",5,0,1,0,1,2,2,0,1,1,0,0,2,1,0,1,NA,NA,NA,NA,1,0,0,1,1,0,1,1,0,1,1,2,1,1,1,3,0.85,1.03643338949379,1.56412137221819,4.16111111111111,1.50162109931867
"86","ŏngŏng","crying","Korean","Sound","gehuil",NA,"Language","Korean_10_Sound",2,1,0,1,1,2,2,0,1,1,1,0,1,0,0,0,NA,NA,NA,NA,1,1,0,0,0,0,0,0,0,1,0,0,0,1,1,2,0.7,0.524400512708041,0.70980507924032,3.26,0.3991568946122
"87","kkŏkkŭlkkŏkkŭl","rough / bark of a tree","Korean","Texture","ruw oppervlak",NA,"Language","Korean_11_Texture",0,1,0,0,1,2,0,0,2,0,0,1,1,0,0,0,NA,"M_distribution: for textures, this is hard",NA,NA,0,0,0,0,0,0,0,0,0,0,0,0,0,0,0,0,0.15,-1.03643338949379,-2.42268799501187,2.73333333333333,-0.245193331073208
"88","pasakpasak","crispy, easily breaking","Korean","Texture","bros",NA,"Language","Korean_12_Texture",1,1,0,0,1,1,0,0,1,0,0,0,0,0,0,0,NA,NA,NA,NA,0,0,0,0,0,0,1,0,0,0,0,1,1,1,0,1,0.3,-0.524400512708041,-1.568371702034,2.29444444444444,-0.782151852477716
"89","podŭlbodŭl","very soft / fluffy dog","Korean","Texture","pluizig, donzig",NA,"Language","Korean_13_Texture",0,1,0,1,1,2,2,0,1,0,0,0,0,0,0,0,NA,NA,NA,NA,0,0,0,0,0,0,0,0,0,0,0,0,0,0,0,0,0.55,0.125661346855074,-0.14451121373755,3.22777777777778,0.359734623420477
"90","mikkŭlmikkŭl","oily/ fish's skin","Korean","Texture","glibberig",NA,"Language","Korean_14_Texture",0,1,0,0,1,1,1,0,1,0,0,0,1,0,0,0,NA,NA,NA,NA,0,0,0,0,0,0,0,0,0,0,0,0,0,0,0,0,0.45,-0.125661346855074,-0.714055409056131,2.18421052631579,-0.917017517080979
"91","maekkŭnmaekkŭn","smooth / table surface","Korean","Texture","glad oppervlak",NA,"Language","Korean_15_Texture",0,1,0,0,1,1,2,0,1,0,0,0,1,0,0,0,NA,NA,NA,NA,0,0,0,0,0,0,0,0,0,0,0,0,0,0,0,0,0.4,-0.2533471031358,-0.998827506715421,2.17894736842105,-0.923456726531532
"92","mullŏngmullŏng","soft, yielding, but elastic","Korean","Texture","elastisch flexibel",NA,"Language","Korean_16_Texture",1,1,0,0,1,2,2,0,1,0,1,0,1,0,0,0,NA,NA,NA,NA,0,1,0,0,0,0,0,0,0,1,0,0,0,1,0,1,0.8,0.841621233572914,1.2793492745589,3.62222222222222,0.842317598353641
"93","kkŭnjŏkkkŭnjŏk","sticky","Korean","Texture","kleverig",NA,"Language","Korean_17_Texture",0,1,0,0,1,2,2,0,1,0,0,0,1,0,0,0,NA,NA,NA,NA,0,0,0,0,0,0,0,0,0,0,0,0,0,0,0,0,0.7,0.524400512708041,0.70980507924032,2.65,-0.347147480706975
"94","hŭmurhŭmul","overripe, very soft, flabby, pulpy viscous","Korean","Texture","papperig",NA,"Language","Korean_18_Texture",0,1,0,1,1,2,1,0,1,0,0,0,1,0,0,0,NA,NA,NA,NA,0,0,0,0,0,0,0,0,0,0,0,0,0,0,0,0,0.85,1.03643338949379,1.56412137221819,2.685,-0.304326737860793
"95","ollokpollok","embossed / bubble foil, bumpy in a regular fashion","Korean","Texture","geribbeld",NA,"Language","Korean_19_Texture",1,1,0,1,1,2,0,0,1,0,1,0,1,0,0,0,NA,NA,NA,NA,0,1,0,0,0,0,0,0,0,1,0,0,0,1,0,1,0.65,0.385320466407568,0.42503298158103,3.575,0.784543580227841
"96","k'ungk'ung","pounding from a big and heavy stuff/ obese person walking","Korean","Sound","gestamp",NA,"Language","Korean_1_Sound",3,1,0,0,1,2,1,0,2,1,1,0,2,0,0,0,NA,NA,NA,NA,1,1,0,0,0,0,0,1,0,1,0,1,1,1,1,3,0.75,0.674489750196082,0.994577176899611,4.12222222222222,1.45404249615624
"97","songsong","chop into small pieces","Korean","Motion","fijnhakken",NA,"Language","Korean_20_Motion",1,1,0,0,1,2,1,0,1,0,1,0,0,0,0,0,NA,NA,NA,NA,0,1,0,0,0,0,0,0,0,1,0,0,0,1,0,1,0.45,-0.125661346855074,-0.714055409056131,2.83888888888889,-0.116051408203769
"98","ŭssŭgŭssŭk","shrug shoulder","Korean","Motion","schouderophalend",NA,"Language","Korean_21_Motion",0,1,0,1,1,2,0,0,1,0,0,0,1,0,0,0,NA,NA,NA,NA,0,0,0,0,0,0,0,0,0,0,0,0,0,0,0,0,0.65,0.385320466407568,0.42503298158103,3.31666666666667,0.468485716363161
"99","tchuktchuk","continously expanding (gum from mouth)","Korean","Motion","rekken en rekken en rekken",NA,"Language","Korean_22_Motion",2,1,0,0,1,2,0,0,1,0,1,0,2,0,1,0,NA,NA,NA,NA,0,1,0,0,0,0,0,1,0,1,0,1,1,1,1,2,0.55,0.125661346855074,-0.14451121373755,3.06842105263158,0.164769670612045
"100","tugŭndugŭn","heartbeat","Korean","Motion","hartslag",NA,"Language","Korean_23_Motion",2,1,0,1,1,2,2,0,1,1,1,0,1,0,1,0,NA,NA,NA,NA,1,1,0,0,0,0,0,0,0,1,0,0,0,1,1,2,0.8,0.841621233572914,1.2793492745589,4.60526315789474,2.04501883017373
"101","ssingssing","strongly blowing wind-> moving very fast, bike","Korean","Motion","suizend geluid",NA,"Language","Korean_24_Motion",2,1,0,0,1,0,1,0,2,1,1,0,1,0,0,0,NA,NA,NA,NA,1,1,0,0,0,0,0,0,0,1,0,0,0,1,1,2,0.75,0.674489750196082,0.994577176899611,3.31111111111111,0.461688773054244
"102","p'ŏllŏkp'ŏllŏk","flapping, like a flag","Korean","Motion","flapperen",NA,"Language","Korean_25_Motion",1,1,0,0,1,2,0,0,1,0,1,1,1,0,1,0,NA,NA,NA,NA,0,1,0,0,0,0,0,0,0,1,0,0,0,1,0,1,0.75,0.674489750196082,0.994577176899611,3.95555555555556,1.25013419688871
"103","ch'ingch'ing","tie up with rope, circular motion","Korean","Motion","een touw om iets leggen",NA,"Language","Korean_26_Motion",0,1,0,0,1,0,1,0,1,0,0,0,1,0,0,0,NA,NA,NA,NA,0,0,0,0,0,0,0,0,0,0,0,0,0,0,0,0,0.45,-0.125661346855074,-0.714055409056131,1.90555555555556,-1.25793788410196
"104","ŏnggŭmŏnggŭm","crawl","Korean","Motion","kruipen",NA,"Language","Korean_27_Motion",1,1,0,1,1,2,2,0,1,0,1,0,1,0,1,0,NA,NA,NA,NA,0,1,0,0,0,0,0,0,0,1,0,0,0,1,0,1,0.55,0.125661346855074,-0.14451121373755,3.37,0.533736372128773
"105","sallangsallang","gently / ladies walking in the spring, falling leaf","Korean","Motion","kalme en tedere beweging",NA,"Language","Korean_28_Motion",1,1,0,0,1,1,1,0,1,0,1,0,0,0,0,0,"F_finalvowel: long final syllable",NA,NA,NA,0,1,0,0,0,0,0,0,0,1,0,0,0,1,0,1,0.7,0.524400512708041,0.70980507924032,4,1.30450974336005
"106","k'ongk'ong","jumping of a small and light stuff / bunny jumping","Korean","Motion","licht hoppend",NA,"Language","Korean_29_Motion",1,1,0,0,1,2,1,0,1,0,1,0,0,0,1,0,NA,NA,NA,NA,0,1,0,0,0,0,0,0,0,1,0,0,0,1,0,1,0.75,0.674489750196082,0.994577176899611,3.93,1.21886825766769
"107","tchallangtchallang","metalic sound/small bell","Korean","Sound","geluid van munten in een zak",NA,"Language","Korean_2_Sound",3,1,0,0,1,1,1,0,2,1,1,0,0,0,0,0,NA,NA,NA,NA,1,1,0,0,0,0,0,0,1,1,0,1,1,1,1,3,0.65,0.385320466407568,0.42503298158103,4.19444444444444,1.54240275917218
"108","tunggŭltunggŭl","roundness","Korean","Shape","ronde vorm",NA,"Language","Korean_30_Shape",0,1,0,0,1,2,2,0,1,0,0,0,1,0,0,0,NA,NA,NA,NA,0,0,0,0,0,0,0,0,0,0,0,0,0,0,0,0,0.4,-0.2533471031358,-0.998827506715421,2.48888888888889,-0.544258836665591
"109","t'aengt'aeng","blown up, like a ballon","Korean","Shape","opgeblazen, ronde vorm",NA,"Language","Korean_31_Shape",0,1,0,0,1,0,1,0,1,0,0,0,2,0,0,0,NA,NA,NA,NA,0,0,0,0,0,0,0,0,0,0,0,0,0,0,0,0,0.45,-0.125661346855074,-0.714055409056131,1.87222222222222,-1.29871954395547
"110","mongshilmongshil","round shape, plump, chubby","Korean","Shape","bolvormig, als een suikerspin",NA,"Language","Korean_32_Shape",1,1,0,0,1,1,2,0,1,0,0,0,2,0,0,0,NA,NA,NA,NA,0,0,0,0,0,0,1,0,0,0,0,1,1,1,0,1,0.45,-0.125661346855074,-0.714055409056131,2.8,-0.163630011366194
"111","kkobulkkobul","curvy","Korean","Shape","bochtig",NA,"Language","Korean_33_Shape",0,1,0,0,1,2,1,0,1,0,0,1,1,0,0,0,NA,NA,NA,NA,0,0,0,0,0,0,0,0,0,0,0,0,0,0,0,0,0.2,-0.841621233572914,-2.13791589735258,2.28947368421053,-0.788233328069905
"112","t'oshilt'oshil","chubby","Korean","Shape","mollig",NA,"Language","Korean_34_Shape",0,1,0,0,1,1,0,0,1,0,0,0,2,0,0,0,NA,NA,NA,NA,0,0,0,0,0,0,0,0,0,0,0,0,0,0,0,0,0.5,0,-0.429283311396841,2.62222222222222,-0.381132197251565
"113","ppollok","protruding belly","Korean","Shape","bolle buik (b.v. van een baby)",NA,"Language","Korean_35_Shape",1,0,0,0,1,2,0,0,1,0,0,0,2,0,0,0,NA,NA,NA,NA,0,0,0,0,0,0,0,1,0,0,0,1,1,1,0,1,0.75,0.674489750196082,0.994577176899611,4.00555555555556,1.31130668666897
"114","ult'ungbult'ung","bumpy / kinderkopjes","Korean","Shape","hobbelig",NA,"Language","Korean_36_Shape",2,1,0,1,1,2,2,0,1,0,1,1,1,0,0,0,NA,NA,NA,NA,0,1,1,0,0,0,0,0,0,1,0,0,0,1,1,2,0.75,0.674489750196082,0.994577176899611,3.935,1.22498550664571
"115","tchugŭltchugŭl","wrinkled / uniorned shirt","Korean","Shape","kreukelig",NA,"Language","Korean_37_Shape",1,1,0,0,1,2,1,0,1,0,1,1,1,0,0,0,NA,NA,NA,NA,0,1,0,0,0,0,0,0,0,1,0,0,0,1,0,1,0.75,0.674489750196082,0.994577176899611,2.77,-0.20033350523435
"116","tchaengtchaeng","blazing sunshine","Korean","ColorVisual","verblindend",NA,"Language","Korean_38_ColorVisual",1,1,0,0,1,0,1,0,1,0,0,0,0,0,0,0,NA,NA,NA,NA,0,0,0,0,0,0,0,1,0,0,0,1,1,1,0,1,0.6,0.2533471031358,0.14026088392174,2.88333333333333,-0.0616758617324276
"117","pantchakpantchak","glitter","Korean","ColorVisual","glinstering",NA,"Language","Korean_39_ColorVisual",2,1,0,0,1,1,0,0,1,0,1,0,0,0,0,0,NA,NA,NA,NA,0,1,0,0,0,0,1,0,0,1,0,1,1,1,1,2,0.4,-0.2533471031358,-0.998827506715421,2.82777777777778,-0.129645294821605
"118","cholchol","sound/murmur from a little creek","Korean","Sound","geluid van een kabbelende beek",NA,"Language","Korean_3_Sound",3,1,0,0,1,2,0,0,1,1,1,0,0,0,1,0,NA,NA,NA,NA,1,1,0,0,0,0,1,0,0,1,0,1,1,1,1,3,0.6,0.2533471031358,0.14026088392174,3.06666666666667,0.162623267461861
"119","hwarhwal","flames, being ablaze","Korean","ColorVisual","vlam",NA,"Language","Korean_40_ColorVisual",0,1,0,1,1,1,0,0,1,0,0,0,1,0,0,0,NA,NA,NA,NA,0,0,0,0,0,0,0,0,0,0,0,0,0,0,0,0,0.45,-0.125661346855074,-0.714055409056131,2.13684210526316,-0.974970402135962
"120","ch'orongch'orong","shining eyes","Korean","ColorVisual","glanzende ogen",NA,"Language","Korean_41_ColorVisual",0,1,0,0,1,2,1,0,2,0,0,0,1,0,0,0,NA,NA,NA,NA,0,0,0,0,0,0,0,0,0,0,0,0,0,0,0,0,0.45,-0.125661346855074,-0.714055409056131,2.95789473684211,0.0295462721504172
"121","songgŭlsonggŭl","beaded with sweat","Korean","ColorVisual","bezwete huid",NA,"Language","Korean_42_ColorVisual",1,1,0,0,1,2,2,0,1,0,1,0,1,0,0,0,NA,NA,NA,NA,0,1,0,0,0,0,0,0,0,1,0,0,0,1,0,1,0.4,-0.2533471031358,-0.998827506715421,2.18333333333333,-0.91809071865607
"122","alloktallok","colorful, indian summer, holger's shirts","Korean","ColorVisual","vol van felle kleuren",NA,"Language","Korean_43_ColorVisual",3,1,0,1,1,2,0,0,1,0,1,1,0,0,0,0,NA,NA,NA,NA,0,1,1,0,0,0,1,0,0,1,0,1,1,1,1,3,0.55,0.125661346855074,-0.14451121373755,2.11666666666667,-0.999654038363084
"123","churŏngjurŏng","hanging in clusters","Korean","ColorVisual","in bosjes hangend",NA,"Language","Korean_44_ColorVisual",2,1,0,1,1,2,2,0,1,0,1,1,1,0,0,0,NA,NA,NA,NA,0,1,1,0,0,0,0,0,0,1,0,0,0,1,1,2,0.65,0.385320466407568,0.42503298158103,2.85,-0.102457521585934
"124","pŏlbŏl","shivering/shaking","Korean","ColorVisual","bevend",NA,"Language","Korean_45_ColorVisual",1,1,0,1,1,2,1,0,1,0,1,0,1,0,1,0,NA,NA,NA,NA,0,1,0,0,0,0,0,0,0,1,0,0,0,1,0,1,0.5,0,-0.429283311396841,2.425,-0.622423684718147
"125","p'arŭtp'arŭt","fresh and green","Korean","ColorVisual","het groen van jonge bladjes",NA,"Language","Korean_46_ColorVisual",1,1,0,0,1,2,0,0,1,0,0,0,0,0,0,0,NA,NA,NA,NA,0,0,0,0,0,0,1,0,0,0,0,1,1,1,0,1,0.3,-0.524400512708041,-1.568371702034,2.58,-0.432788966399339
"126","p'ongdangp'ongdang","splash","Korean","Sound","plons",NA,"Language","Korean_4_Sound",2,1,0,0,1,2,2,0,1,1,0,0,1,1,0,1,NA,NA,NA,NA,1,0,0,1,0,0,0,0,0,0,1,0,0,1,1,2,0.5,0,-0.429283311396841,3.92105263157895,1.20792160160175
"127","kkilkkil","giggling","Korean","Sound","gegiechel",NA,"Language","Korean_5_Sound",5,1,0,0,1,0,0,0,2,1,1,0,0,0,0,0,NA,NA,NA,NA,1,1,0,0,0,0,1,1,1,1,0,3,1,1,1,3,0.8,0.841621233572914,1.2793492745589,3.93157894736842,1.22080002050285
"128","pogŭlbogŭl","boiling sounds","Korean","Sound","geluid van iets kokends",NA,"Language","Korean_6_Sound",3,1,0,1,1,2,2,0,1,1,1,1,1,0,1,0,NA,NA,NA,NA,1,1,1,0,0,0,0,0,0,1,0,0,0,1,1,3,0.5,0,-0.429283311396841,2.55263157894737,-0.466272855542218
"129","chongalchongal","babbling/prattle","Korean","Sound","gebabbel gekeuvel",NA,"Language","Korean_7_Sound",2,1,0,0,1,2,1,0,1,1,1,0,1,0,0,0,NA,NA,NA,NA,1,1,0,0,0,0,0,0,0,1,0,0,0,1,1,2,0.8,0.841621233572914,1.2793492745589,2.96111111111111,0.033481344592422
"130","tchŏptchŏp","click one's tongue","Korean","Sound","tong geklak",NA,"Language","Korean_8_Sound",2,1,0,0,1,2,0,0,1,1,0,0,1,0,0,1,NA,NA,NA,NA,1,0,0,1,0,0,0,0,0,0,1,0,0,1,1,2,0.75,0.674489750196082,0.994577176899611,2.96666666666667,0.0402782879013403
"131","chigŭlchigŭl","a small quantity of liquid boiling/ simmering","Korean","Sound","gepruttel",NA,"Language","Korean_9_Sound",2,1,0,0,1,1,1,0,1,1,1,0,0,0,1,0,NA,NA,NA,NA,1,1,0,0,0,0,0,0,0,1,0,0,0,1,1,2,0.65,0.385320466407568,0.42503298158103,2.825,-0.133043766476064
"132","gjɛlgjolgjɛlgjol","swinging back-and-forth. Example: movement from monkies shaking branches. Repetition of movement (iterative derivation) PLUS distribution in space (distributive derivation).","Semai","Motion","schommelen",NA,"Language","Semai_10_Motion",1,1,0,1,1,1,2,0,1,0,1,0,1,0,1,0,NA,NA,NA,NA,0,1,0,0,0,0,0,0,0,1,0,0,0,1,0,1,0.65,0.385320466407568,0.42503298158103,3.69444444444444,0.930677861369573
"133","ɟrweetɟrwɒɒt","upward climbing with arms and legs. Example: kids climbing. Distribution in space (distributive derivation).","Semai","Motion","omhoog klimmen",NA,"Language","Semai_11_Motion",1,1,0,1,1,0,1,0,1,0,1,0,1,0,0,0,NA,NA,NA,NA,0,1,0,0,0,0,0,0,0,1,0,0,0,1,0,1,0.35,-0.385320466407568,-1.28359960437471,2.73157894736842,-0.247339734223393
"134","ɟtoonɟtoonɟtoon","slow up-and-down. Example: of a slow bouncy gait. Repetition of movement (iterative derivation)","Semai","Motion","langzaam dartelen",NA,"Language","Semai_12_Motion",1,1,0,0,1,2,1,0,1,0,1,0,1,0,1,0,"F_finalvowel: syllable is pretty long",NA,NA,NA,0,1,0,0,0,0,0,0,0,1,0,0,0,1,0,1,0.45,-0.125661346855074,-0.714055409056131,3.73888888888889,0.985053407840916
"135","ŋɛrŋorŋɛrŋorŋɛrŋor","fast, jerky, in multiple directions. Example: running around looking for something, a stressed or scared behaviour. Repetition of movement (iterative derivation) PLUS distribution in space (distributive derivation).","Semai","Motion","op en neer rennend, naar iets zoekend",NA,"Language","Semai_13_Motion",2,1,0,1,1,1,2,0,1,0,1,1,1,0,1,0,NA,NA,NA,NA,0,1,1,0,0,0,0,0,0,1,0,0,0,1,1,2,0.65,0.385320466407568,0.42503298158103,4.26842105263158,1.63290942533829
"136","rlajɨɨp","flickering, fluttering. Example: of leafes moving in the wind. Plurality of motion (plural prefix).","Semai","Motion","fladderen",NA,"Language","Semai_14_Motion",0,0,0,0,1,1,1,0,1,0,1,0,0,0,1,0,NA,NA,NA,NA,0,0,0,0,0,0,0,0,0,0,0,0,0,0,0,0,0.6,0.2533471031358,0.14026088392174,2.23333333333333,-0.856918228875811
"137","brihɔ̃c","of small dents/holes on surface, e.g. scars on skin from acne (plural infix)","Semai","Texture","gedeukt aanvoelen",NA,"Language","Semai_15_Texture",0,0,0,0,1,1,0,0,1,0,1,1,1,0,0,0,NA,NA,NA,NA,0,0,0,0,0,0,0,0,0,0,0,0,0,0,0,0,0.55,0.125661346855074,-0.14451121373755,1.80555555555556,-1.38028286366248
"138","crɒɒ::m","of coarse, coarse-grained, e.g. sand on a surface (lengthening of last/main vowel)","Semai","Texture","grofkorrelig",NA,"Language","Semai_16_Texture",0,0,1,0,1,1,1,0,1,0,0,0,1,0,0,0,NA,NA,NA,NA,0,0,0,0,0,0,0,0,0,0,0,0,0,0,0,0,0.55,0.125661346855074,-0.14451121373755,1.7578947368421,-1.43859348257583
"139","craliiŋ","of an oily feeling on the skin, greasy, sweaty, very slippery  (plural infix)","Semai","Texture","glibberig",NA,"Language","Semai_17_Texture",0,0,0,0,1,0,1,0,2,0,0,0,1,0,0,0,NA,NA,NA,NA,0,0,0,0,0,0,0,0,0,0,0,0,0,0,0,0,0.35,-0.385320466407568,-1.28359960437471,2.37222222222222,-0.686994646152866
"140","gradus","of bumpy, bulgy, e.g. from gravel or small stones on a surface  (plural infix)","Semai","Texture","hobbelig, knobbelig",NA,"Language","Semai_18_Texture",0,0,0,0,1,2,2,0,1,0,1,1,1,0,0,0,NA,NA,NA,NA,0,0,0,0,0,0,0,0,0,0,0,0,0,0,0,0,0.35,-0.385320466407568,-1.28359960437471,2.15,-0.958872378509578
"141","grahɒɒc","of rough, rugged, e.g. of beard stubble  (plural infix)","Semai","Texture","ruig, oneven",NA,"Language","Semai_19_Texture",0,0,0,0,1,1,0,0,1,0,1,1,1,0,0,0,NA,NA,NA,NA,0,0,0,0,0,0,0,0,0,0,0,0,0,0,0,0,0.7,0.524400512708041,0.70980507924032,2.265,-0.818175652014979
"142","bjuukbjɛɛk","bright coloured. distribution in space (distributive derivation).","Semai","ColorVisual","fel gekleurd tafereel",NA,"Language","Semai_1_ColorVisual",2,1,0,1,1,1,1,0,1,0,1,1,1,0,0,0,"F_partialredup: count as full with vowel mod or as partial?",NA,NA,NA,0,1,1,0,0,0,0,0,0,1,0,0,0,1,1,2,0.25,-0.674489750196082,-1.85314379969329,1.53333333333333,-1.71333308579946
"143","grigelrigel","of surface with ridges (small spacing)  (plural infix, prolongation derivation)","Semai","Texture","geribbeld",NA,"Language","Semai_20_Texture",1,1,0,1,1,0,2,0,1,0,1,0,1,0,0,0,NA,NA,NA,NA,0,1,0,0,0,0,0,0,0,1,0,0,0,1,0,1,0.55,0.125661346855074,-0.14451121373755,4.49444444444445,1.90943769785374
"144","snakɨɨr","of surface with small small hairs (plural infix)","Semai","Texture","harig oppervlak",NA,"Language","Semai_21_Texture",0,0,0,0,1,1,0,0,1,0,1,0,1,0,0,0,NA,NA,NA,NA,0,0,0,0,0,0,0,0,0,0,0,0,0,0,0,0,0.3,-0.524400512708041,-1.568371702034,2.225,-0.867113643839187
"145","bucbuc","of bubble in thick liquid (e.g. mud)","Semai","Sound","geluid van luchtbellen in modder",NA,"Language","Semai_22_Sound",3,1,0,0,1,2,1,0,1,1,1,0,1,0,0,1,NA,NA,NA,NA,1,1,0,1,0,0,0,0,0,1,1,0,0,1,1,3,0.8,0.841621233572914,1.2793492745589,4.06,1.37791673109636
"146","bukbukbuk","of bubble in water, repetition of sound","Semai","Sound","geluid van luchtbellen aan het wateroppervlak",NA,"Language","Semai_23_Sound",3,1,0,0,1,2,1,0,1,1,1,0,1,0,0,1,NA,NA,NA,NA,1,1,0,1,0,0,0,0,0,1,1,0,0,1,1,3,0.65,0.385320466407568,0.42503298158103,4.71666666666667,2.18131543021045
"147","cããwcããw","of splashing water, repetition of sound","Semai","Sound","geluid van spetterend water",NA,"Language","Semai_24_Sound",2,1,0,0,1,1,0,0,1,1,1,1,1,0,0,0,NA,NA,"f_closedsyll: twijfel, tel je w mee? (in audiofile klinkt het wel gesloten, vandaar (1)).",NA,1,1,0,0,0,0,0,0,0,1,0,0,0,1,1,2,0.45,-0.125661346855074,-0.714055409056131,2.25263157894737,-0.833307794223781
"148","hõõ(õõ)s","of heavy breathing through nose (typically of animals, e.g. buffalo)","Semai","Sound","geluid van zwaar door de neus ademen",NA,"Language","Semai_25_Sound",2,0,1,0,1,2,0,0,1,1,1,0,2,0,1,0,"F_finalvowel: followed by coda",NA,NA,NA,1,0,0,0,0,0,0,1,0,0,0,1,1,1,1,2,0.6,0.2533471031358,0.14026088392174,4.02222222222222,1.33169751659572
"149","korrrr","of pouring water, (e.g. with a kettle)","Semai","Sound","geluid van water gieten",NA,"Language","Semai_26_Sound",3,0,1,0,1,2,0,1,1,1,0,0,1,1,1,0,"F_finalvowel: final consonant lengthened here","M_punctual: informed by English translation",NA,NA,1,0,0,0,1,1,0,0,0,1,1,0,0,1,1,3,0.5,0,-0.429283311396841,3.08333333333333,0.183014097388615
"150","reŋŋŋ","of thin glass breaking on a hard ground, (e.g. a stone/cement floor)","Semai","Sound","geluid van brekend dun glas",NA,"Language","Semai_27_Sound",5,0,1,0,1,0,2,1,2,1,0,0,0,1,0,1,"F_finalvowel: consonant!",NA,NA,NA,1,0,0,1,1,0,0,1,1,1,1,2,1,1,1,3,0.9,1.2815515655446,1.84889346987748,4.375,1.763303416712
"151","plɛ̃splɒ̃s","of peoples' breathing when sleeping, with lips open a little, hearing this sound here and there (distributive)","Semai","Sound","geluid van slapend ademende mensen",NA,"Language","Semai_28_Sound",2,1,0,1,1,0,0,0,1,1,1,0,1,0,1,0,NA,NA,NA,NA,1,1,0,0,0,0,0,0,0,1,0,0,0,1,1,2,0.25,-0.674489750196082,-1.85314379969329,1.53333333333333,-1.71333308579946
"152","plɒ̃s","of someones breathing when sleeping, with lips open a little","Semai","Sound","geluid van een slapend mens",NA,"Language","Semai_29_Sound",1,0,1,0,1,1,0,0,1,1,0,0,1,0,1,0,NA,NA,NA,NA,1,0,0,0,0,0,0,0,0,0,0,0,0,1,0,1,0.1,-1.2815515655446,-2.70746009267116,1.33157894736842,-1.96016944807068
"153","blʔoo::k","dark coloured, purple-brown. lengthening of last/main vowel.","Semai","ColorVisual","bruin-paars",NA,"Language","Semai_2_ColorVisual",1,0,1,0,1,2,1,0,1,0,0,0,2,0,0,0,"F_finalvowel: can final vowel be followed by consonant?",NA,"F_monosyllabic: telt dit als 1 syllabe? (aparte medeklinkercombinatie)",NA,0,0,0,0,0,0,0,1,0,0,0,1,1,1,0,1,0.8,0.841621233572914,1.2793492745589,1.61111111111111,-1.61817587947461
"154","tɨɨktɨɨktɨɨktɨɨk","of dull or muffled sound (e.g hitting hand against cement floor; something heavy landing of the floor), repetition of sound","Semai","Sound","dof, gedempt geluid",NA,"Language","Semai_30_Sound",2,1,0,0,1,1,0,0,1,1,0,0,2,0,0,1,NA,NA,NA,NA,1,0,0,1,0,0,0,0,0,0,1,0,0,1,1,2,0.5,0,-0.429283311396841,4.205,1.55531695145912
"155","baŋʔis","of a larger bulging shape, e.g. a fat/swollen stomach","Semai","Shape","grote bolstaande gezwollen vorm",NA,"Language","Semai_31_Shape",0,0,0,0,1,0,1,0,1,0,0,0,2,0,0,0,NA,NA,NA,NA,0,0,0,0,0,0,0,0,0,0,0,0,0,0,0,0,0.35,-0.385320466407568,-1.28359960437471,1.66111111111111,-1.55700338969435
"156","cihɛ̃ʔ","bent, a little askew/slantwise","Semai","Shape","krom",NA,"Language","Semai_32_Shape",0,0,0,0,1,0,0,0,1,0,0,1,1,0,0,0,NA,NA,NA,NA,0,0,0,0,0,0,0,0,0,0,0,0,0,0,0,0,0.55,0.125661346855074,-0.14451121373755,2.33157894736842,-0.736719652465475
"157","goow","of a smaller bulging shape, e.g. typically of large/muscular calfs bulging","Semai","Shape","vorm van een  gespierede enkel",NA,"Language","Semai_33_Shape",0,0,1,0,1,2,2,0,1,0,0,0,1,0,0,0,NA,NA,NA,NA,0,0,0,0,0,0,0,0,0,0,0,0,0,0,0,0,0.15,-1.03643338949379,-2.42268799501187,1.78333333333333,-1.40747063689815
"158","ɟlpuŋ","of a cone-like protruding shape (from head), e.g. hair bun","Semai","Shape","kegelachtig uitpuilen",NA,"Language","Semai_34_Shape",0,0,1,0,1,2,2,0,1,0,0,0,1,0,0,0,NA,NA,"F_monosyllabic: 1 syllabe?",NA,0,0,0,0,0,0,0,0,0,0,0,0,0,0,0,0,0.3,-0.524400512708041,-1.568371702034,2.405,-0.646892680630251
"159","ɟrpɒɒs","of a straggling shape/figure, things going in all directions, e.g. hair standing in all directions","Semai","Shape","alle kanten opgaand",NA,"Language","Semai_35_Shape",0,0,1,0,1,1,0,0,1,0,1,1,1,0,0,0,"F_vowelquality: is ɒ neutral or dark?",NA,"F_monosyllabic: 1 syllabe?",NA,0,0,0,0,0,0,0,0,0,0,0,0,0,0,0,0,0.7,0.524400512708041,0.70980507924032,2.21,-0.885465390773266
"160","raŋjɒ̃ɒ̃t","crocked, not straight/proper of a pattern, sometimes with holes (could also be considered a surface characteristic)","Semai","Shape","scheef",NA,"Language","Semai_36_Shape",0,0,0,0,1,1,1,0,1,0,0,1,1,0,0,0,NA,NA,NA,NA,0,0,0,0,0,0,0,0,0,0,0,0,0,0,0,0,0.55,0.125661346855074,-0.14451121373755,2.30555555555555,-0.76855796585988
"161","rŋʔɒɒŋ","of round-like hole, typically of open mouth","Semai","Shape","rond gat",NA,"Language","Semai_37_Shape",0,0,1,0,1,1,2,0,1,0,0,0,1,0,0,0,"F_monosyllable: need to check phonotactics",NA,"F_monosyllabic: 1 syllabe?",NA,0,0,0,0,0,0,0,0,0,0,0,0,0,0,0,0,0.5,0,-0.429283311396841,1.97894736842105,-1.16814668565257
"162","slaɟɒɒr","of a straight shape/posture, e.g. a straight body position, straight hair","Semai","Shape","kaarsrecht staand",NA,"Language","Semai_38_Shape",0,0,0,0,1,1,1,0,1,0,0,0,1,0,0,0,NA,NA,NA,NA,0,0,0,0,0,0,0,0,0,0,0,0,0,0,0,0,0.6,0.2533471031358,0.14026088392174,2.13888888888889,-0.972466265127414
"163","chuurchɛɛr","darker red, purple-red. distribution in space (distributive derivation).","Semai","ColorVisual","donkerrood-paars tafereel",NA,"Language","Semai_3_ColorVisual",1,1,0,1,1,1,0,0,1,0,1,0,2,0,0,0,NA,NA,NA,NA,0,1,0,0,0,0,0,0,0,1,0,0,0,1,0,1,0.6,0.2533471031358,0.14026088392174,2.11578947368421,-1.00072723993818
"164","ɟhɨr","bright (dirt) coloured, sand-red, a little darker on an otherwise brighter surface. example: of white peoples' skin when sun-burned","Semai","ColorVisual","kleur van huid met zonnebrand",NA,"Language","Semai_4_ColorVisual",0,0,1,0,1,1,1,0,1,0,0,1,1,0,0,0,NA,NA,NA,NA,0,0,0,0,0,0,0,0,0,0,0,0,0,0,0,0,0.6,0.2533471031358,0.14026088392174,1.79,-1.39931430492745
"165","ɟreeŋ","transparent, see-through","Semai","ColorVisual","transparant",NA,"Language","Semai_5_ColorVisual",0,0,1,0,1,0,2,0,1,0,0,0,1,0,0,0,NA,NA,NA,NA,0,0,0,0,0,0,0,0,0,0,0,0,0,0,0,0,0.75,0.674489750196082,0.994577176899611,2.27368421052632,-0.807550956421565
"166","slʔẽẽk","lighter brown, pale-coloured","Semai","ColorVisual","licht bruin",NA,"Language","Semai_6_ColorVisual",2,0,1,0,1,0,0,0,1,0,0,0,0,0,0,0,NA,NA,"F_monosyllabic: 1 syllabe?",NA,0,0,0,0,0,0,1,1,0,0,0,2,1,1,0,1,0.7,0.524400512708041,0.70980507924032,1.57222222222222,-1.66575448263703
"167","bracɨɨj","vertical (upward), one item splitting into multiple. Example: fireworks. Plurality of motion (plural infix).","Semai","Motion","uit elkaar spattende opwaartse beweging (b.v. vuurwerk)",NA,"Language","Semai_7_Motion",0,0,0,0,1,1,1,0,1,0,1,1,1,1,1,0,NA,NA,"F_closedsyll:  hier (0) gedaan, want ik hoor de j niet in de audio.",NA,0,0,0,0,0,0,0,0,0,0,0,0,0,0,0,0,0.6,0.2533471031358,0.14026088392174,2.325,-0.744768664278667
"168","cidũʔcidẽʔ","from side to side while walking, short and firm movements. Example: the way a person with short legs walk. Distribution in space (distributive derivation). In this rendition the nasality of the vowels is not particularly strong.","Semai","Motion","waggelende beweging",NA,"Language","Semai_8_Motion",2,1,0,1,1,1,1,0,1,0,1,1,1,0,1,0,"F_closedsyallable: glottal stop counts as closed?",NA,NA,NA,0,1,1,0,0,0,0,0,0,1,0,0,0,1,1,2,0.35,-0.385320466407568,-1.28359960437471,2.07777777777778,-1.04723264152551
"169","duldil","falling over/down, collapsing. Example: people falling over, leeches losing their grip. Distribution in space (distributive derivation).","Semai","Motion","in elkaar zakkend",NA,"Language","Semai_9_Motion",3,1,0,1,1,1,2,0,1,0,1,1,1,1,0,1,NA,NA,NA,NA,0,1,1,1,0,0,0,0,0,1,1,0,0,1,1,3,0.55,0.125661346855074,-0.14451121373755,2.445,-0.597954688806042
"170","fiɛfiɛ","silky","Siwu","Texture","zijdezacht",NA,"Language","Siwu_11_Texture",3,1,0,0,0,0,0,0,2,0,0,0,0,0,0,0,NA,NA,NA,"M_weight: twijfel, zowel licht (0) als zacht (2), maar het is voor mij toch vooral heel licht",0,0,0,0,0,0,1,1,1,0,0,3,1,1,0,1,0.5,0,-0.429283311396841,2.46666666666667,-0.571446609901263
"171","gbadara-gbadara","a drunkard’s wobbling gait","Siwu","Motion","waggelen, lopen als een dronkaard",NA,"Language","Siwu_12_Motion",1,1,0,0,0,1,2,0,1,0,1,1,1,0,1,0,NA,NA,NA,NA,0,1,0,0,0,0,0,0,0,1,0,0,0,1,0,1,0.9,1.2815515655446,1.84889346987748,3.35263157894737,0.512486980941945
"172","kpɔkɔlɔ-kpɔkɔlɔ","walking like a tortoise","Siwu","Motion","lopen als een schildpad",NA,"Language","Siwu_13_Motion",1,1,0,0,0,2,0,0,1,0,1,0,1,0,1,0,NA,NA,NA,NA,0,1,0,0,0,0,0,0,0,1,0,0,0,1,0,1,0.55,0.125661346855074,-0.14451121373755,2.41666666666667,-0.632619099681523
"173","nyɛmɛrɛ-nyɛmɛrɛ","wriggling (of a small snake)","Siwu","Motion","kronkelen",NA,"Language","Siwu_14_Motion",1,1,0,0,0,0,2,0,1,0,1,1,1,0,1,0,NA,NA,NA,NA,0,1,0,0,0,0,0,0,0,1,0,0,0,1,0,1,0.45,-0.125661346855074,-0.714055409056131,3.80555555555555,1.06661672754793
"174","gulugulu","rolling","Siwu","Motion","rollen",NA,"Language","Siwu_16_Motion",1,1,0,0,0,2,2,0,1,0,1,0,1,0,1,0,NA,NA,NA,NA,0,1,0,0,0,0,0,0,0,1,0,0,0,1,0,1,0.55,0.125661346855074,-0.14451121373755,3.43,0.607143359865086
"175","nààà","slowly moving","Siwu","Motion","langzaam bewegen",NA,"Language","Siwu_17_Motion",1,0,1,0,0,1,2,1,1,0,0,0,1,0,1,0,NA,NA,NA,NA,0,0,0,0,0,1,0,0,0,0,1,0,0,1,0,1,0.5,0,-0.429283311396841,4.04,1.35344773518426
"176","giligili","circular (round 2D)","Siwu","Shape","rond (als een cirkel)",NA,"Language","Siwu_18_Shape",0,1,0,0,0,0,2,0,1,0,0,0,1,0,0,0,NA,NA,NA,NA,0,0,0,0,0,0,0,0,0,0,0,0,0,0,0,0,0.3,-0.524400512708041,-1.568371702034,1.68947368421053,-1.52230320543303
"177","minimini","spherical (round 3D)","Siwu","Shape","bolvormig",NA,"Language","Siwu_19_Shape",0,1,0,0,0,0,2,0,1,0,0,0,1,0,0,0,NA,NA,NA,NA,0,0,0,0,0,0,0,0,0,0,0,0,0,0,0,0,0.4,-0.2533471031358,-0.998827506715421,1.69,-1.52165928448797
"178","gbiim","boom","Siwu","Sound","explosie (boem)",NA,"Language","Siwu_1_Sound",4,0,1,0,1,0,2,1,2,1,0,0,2,1,0,1,NA,NA,NA,"bij explosies nu wel (1) voor M_abrupt gedaan, net als bij bijv. ‘harde klap’, want het idee van de echoënde eigenschap gold ook niet bij ‘distributief’ dus waarom hier wel?",1,0,0,1,1,0,1,0,0,1,1,1,1,1,1,3,0.8,0.841621233572914,1.2793492745589,3.51111111111111,0.706378732175286
"179","miɔmiɔ","pointy","Siwu","Shape","puntig",NA,"Language","Siwu_20_Shape",0,1,0,0,0,1,2,0,1,0,0,0,1,0,0,0,NA,NA,NA,NA,0,0,0,0,0,0,0,0,0,0,0,0,0,0,0,0,0.7,0.524400512708041,0.70980507924032,2,-1.14238984785036
"180","tɛgɛlɛɛ","flat","Siwu","Shape","plat",NA,"Language","Siwu_21_Shape",0,0,0,0,0,0,1,1,1,0,0,0,1,0,0,0,NA,NA,NA,NA,0,0,0,0,0,0,0,0,0,0,0,0,0,0,0,0,0.35,-0.385320466407568,-1.28359960437471,2.00555555555556,-1.13559290454144
"181","sĩĩĩ","straight","Siwu","Shape","kaarsrecht",NA,"Language","Siwu_22_Shape",0,0,1,0,0,0,0,1,2,0,0,0,1,0,0,0,NA,NA,NA,NA,0,0,0,0,0,0,0,0,0,0,0,0,0,0,0,0,0.5,0,-0.429283311396841,3.49473684210526,0.686345636106896
"182","gɔgɔlɔ","twisted, bendy","Siwu","Shape","kronkelig",NA,"Language","Siwu_23_Shape",1,1,0,1,0,2,2,0,1,0,0,1,1,0,0,0,NA,NA,NA,NA,0,0,1,0,0,0,0,0,0,0,0,0,0,1,0,1,0.65,0.385320466407568,0.42503298158103,3.83888888888889,1.10739838740144
"183","tagbaraa","long","Siwu","Shape","lang",NA,"Language","Siwu_24_Shape",1,0,0,0,0,1,1,1,2,0,0,0,1,0,1,0,NA,NA,NA,NA,0,0,0,0,0,1,0,0,0,0,1,0,0,1,0,1,0.85,1.03643338949379,1.56412137221819,4.47777777777778,1.88904686792698
"184","pimbilii","protruding belly (moderately fat)","Siwu","Shape","buikje",NA,"Language","Siwu_25_Shape",0,0,0,0,0,0,2,1,2,0,0,0,1,0,0,0,NA,NA,NA,NA,0,0,0,0,0,0,0,0,0,0,0,0,0,0,0,0,0.6,0.2533471031358,0.14026088392174,3.09444444444444,0.19660798400645
"185","pumbuluu","protruding belly (fat)","Siwu","Shape","dikke buik",NA,"Language","Siwu_26_Shape",2,0,0,0,0,2,2,1,1,0,0,0,2,0,0,0,NA,NA,NA,NA,0,0,0,0,0,0,1,1,0,0,0,2,1,1,1,1,0.55,0.125661346855074,-0.14451121373755,3.785,1.04146803730493
"186","sɔdzɔlɔɔ","ellipsoid","Siwu","Shape","ellipsoïde, langgerekt",NA,"Language","Siwu_27_Shape",1,0,0,0,0,2,1,1,1,0,0,0,1,0,1,0,NA,NA,NA,NA,0,0,0,0,0,1,0,0,0,0,1,0,0,1,0,1,0.95,1.64485362695147,2.13366556753677,4.085,1.4085029759865
"187","fututu","purely white","Siwu","ColorVisual","sneeuwwit",NA,"Language","Siwu_28_ColorVisual",2,1,0,1,0,2,0,0,1,0,0,0,0,0,0,0,NA,NA,NA,NA,0,0,0,0,0,0,1,0,0,0,0,1,1,1,0,1,0.1,-1.2815515655446,-2.70746009267116,1.53333333333333,-1.71333308579946
"188","pɛ̃ɛ̃","focal red","Siwu","ColorVisual","knalrood",NA,"Language","Siwu_29_ColorVisual",0,0,1,0,0,0,0,1,1,0,0,0,1,0,0,0,NA,NA,NA,NA,0,0,0,0,0,0,0,0,0,0,0,0,0,0,0,0,0.4,-0.2533471031358,-0.998827506715421,2.45,-0.591837439828016
"189","kpa","tock, sound of dry impact","Siwu","Sound","harde klap",NA,"Language","Siwu_2_Sound",2,0,1,0,0,1,0,0,2,1,0,0,1,1,0,1,NA,NA,NA,NA,1,0,0,0,1,0,0,0,0,1,0,0,0,1,1,2,0.85,1.03643338949379,1.56412137221819,4.65263157894737,2.10297171522871
"190","gãã","red-hot","Siwu","ColorVisual","roodgloeiend",NA,"Language","Siwu_30_ColorVisual",0,0,1,0,0,1,2,1,1,0,0,0,1,0,0,0,NA,NA,NA,NA,0,0,0,0,0,0,0,0,0,0,0,0,0,0,0,0,0.75,0.674489750196082,0.994577176899611,2.76315789473684,-0.20870447752007
"191","kpìnàkpìnà","black, dark","Siwu","ColorVisual","zwart, donker",NA,"Language","Siwu_31_ColorVisual",0,1,0,0,0,0,1,0,1,0,0,0,2,0,0,0,NA,NA,NA,NA,0,0,0,0,0,0,0,0,0,0,0,0,0,0,0,0,0.75,0.674489750196082,0.994577176899611,2.45263157894737,-0.588617835102739
"192","gelegele","shiny","Siwu","ColorVisual","glinsterend",NA,"Language","Siwu_32_ColorVisual",3,1,0,0,0,0,2,0,2,0,1,0,0,0,0,0,NA,NA,NA,NA,0,1,0,0,0,0,0,1,1,1,0,2,1,1,1,2,0.7,0.524400512708041,0.70980507924032,3.82222222222222,1.08700755747468
"193","munyɛ̃munyɛ̃","sparkling","Siwu","ColorVisual","fonkelend",NA,"Language","Siwu_33_ColorVisual",1,1,0,0,0,1,2,0,1,0,1,0,0,0,0,0,NA,NA,NA,NA,0,1,0,0,0,0,0,0,0,1,0,0,0,1,0,1,0.45,-0.125661346855074,-0.714055409056131,2.62222222222222,-0.381132197251565
"194","wɔ̃rãwɔ̃rã","spotted","Siwu","ColorVisual","gespikkeld",NA,"Language","Siwu_34_ColorVisual",1,1,0,0,0,2,1,0,1,0,1,1,1,0,0,0,NA,NA,NA,NA,0,1,0,0,0,0,0,0,0,1,0,0,0,1,0,1,0.6,0.2533471031358,0.14026088392174,2.54722222222222,-0.472890931921955
"195","pu","thud, sound of dull impact","Siwu","Sound","doffe klap",NA,"Language","Siwu_3_Sound",3,0,1,0,0,2,0,0,1,1,0,0,2,1,0,1,NA,NA,NA,NA,1,0,0,0,1,0,0,1,0,1,0,1,1,1,1,3,0.6,0.2533471031358,0.14026088392174,3.73888888888889,0.985053407840916
"196","tòlontòlontòlon","sound of water drops","Siwu","Sound","druppelen",NA,"Language","Siwu_4_Sound",2,1,0,0,1,2,1,0,1,1,1,0,0,0,0,0,NA,NA,NA,NA,1,1,0,0,0,0,0,0,0,1,0,0,0,1,1,2,0.85,1.03643338949379,1.56412137221819,4.65,2.09975211050344
"197","gblogblogblo","bubble","Siwu","Sound","borrelen",NA,"Language","Siwu_5_Sound",2,1,0,0,0,2,2,0,1,1,1,0,1,0,1,0,NA,NA,NA,NA,1,1,0,0,0,0,0,0,0,1,0,0,0,1,1,2,0.8,0.841621233572914,1.2793492745589,4.145,1.48190996372281
"198","wùrùfùù","fluffy","Siwu","Texture","pluizig",NA,"Language","Siwu_6_Texture",0,0,0,0,0,2,0,1,1,0,0,0,1,0,0,0,NA,"M_weight: I wonder whether NA would be better than 1 in cases like this",NA,NA,0,0,0,0,0,0,0,0,0,0,0,0,0,0,0,0,0.55,0.125661346855074,-0.14451121373755,2.00526315789474,-1.1359506383998
"199","wòsòròò","rough","Siwu","Texture","ruw",NA,"Language","Siwu_7_Texture",0,0,0,0,0,2,0,1,1,0,0,1,1,0,0,0,NA,NA,NA,NA,0,0,0,0,0,0,0,0,0,0,0,0,0,0,0,0,0.65,0.385320466407568,0.42503298158103,2.32777777777778,-0.741370192624208
"200","fwɛ̃fwɛ̃","elastic, springy, yielding to the touch","Siwu","Texture","zacht en meegevend",NA,"Language","Siwu_8_Texture",0,1,0,0,0,0,0,0,1,0,0,0,1,0,0,0,NA,"M_distribution coding influenced by my knowledge of the use of this form",NA,NA,0,0,0,0,0,0,0,0,0,0,0,0,0,0,0,0,0.4,-0.2533471031358,-0.998827506715421,2.96842105263158,0.0424246910515246
"201","pɔlɔpɔlɔ","smooth","Siwu","Texture","glad",NA,"Language","Siwu_9_Texture",0,1,0,0,0,2,0,0,2,0,0,0,1,0,0,0,NA,NA,NA,NA,0,0,0,0,0,0,0,0,0,0,0,0,0,0,0,0,0.45,-0.125661346855074,-0.714055409056131,1.96111111111111,-1.18996845101278
"202","berabera","chatty","Japanese","Sound","spraakzaam","ingetogen","Collabra","berabera",1,1,0,0,0,0,2,0,1,1,0,0,1,0,0,0,NA,NA,NA,NA,1,0,0,0,0,0,0,0,0,0,0,0,0,1,0,1,0.827586206896552,0.944669591394477,0.691484941533503,3.28,0.423625890524304
"203","betabeta","clinging","Japanese","Texture","plakkerig","glibberig","Collabra","betabeta",0,1,0,0,0,0,1,0,1,0,0,0,1,0,0,0,NA,"depends on construal",NA,NA,0,0,0,0,0,0,0,0,0,0,0,0,0,0,0,0,0.758620689655172,0.701872595421959,0.204884427121035,3.05,0.142232437535107
"204","boroboro","worn out","Japanese","Other","versleten","gloednieuw","Collabra","boroboro",0,1,0,0,0,2,2,0,1,0,0,0,1,0,0,0,NA,NA,NA,NA,0,0,0,0,0,0,0,0,0,0,0,0,0,0,0,0,0.724137931034483,0.595178533333279,-0.0384158300851923,2.265,-0.818175652014979
"205","bukubuku","fat","Japanese","Shape","mollig","slank","Collabra","bukubuku",1,1,0,0,0,2,1,0,1,0,0,0,2,0,0,0,NA,NA,NA,NA,0,0,0,0,0,0,0,1,0,0,0,1,1,1,0,1,0.862068965517241,1.08966198194611,0.934785198739729,2.845,-0.10857477056396
"206","buruburu","shivering","Japanese","Motion","rillend","zwetend","Collabra","buruburu",1,1,0,0,0,2,2,0,1,0,1,0,1,0,1,0,NA,NA,NA,NA,0,1,0,0,0,0,0,0,0,1,0,0,0,1,0,1,0.793103448275862,0.8172368220294,0.448184684327268,4.18947368421053,1.53632128357999
"207","chikuchiku","sharp pain","Japanese","Other","stekend","kloppend","Collabra","chikuchiku",0,1,0,0,0,1,0,0,1,0,0,0,1,1,0,0,NA,"hard to decide",NA,NA,0,0,0,0,0,0,0,0,0,0,0,0,0,0,0,0,0.689655172413793,0.494873163568623,-0.281716087291426,3.79444444444444,1.05302284093009
"208","chirachira","flickering","Japanese","ColorVisual","flikkerend","schijnend","Collabra","chirachira",3,1,0,0,0,0,0,0,1,0,1,1,0,0,0,0,NA,NA,NA,NA,0,1,0,0,0,0,1,1,0,1,0,2,1,1,1,2,0.758620689655172,0.701872595421959,0.204884427121035,2.92631578947368,-0.00908898455290526
"209","debudebu","fat","Japanese","Shape","dik","dun","Collabra","debudebu",1,1,0,0,0,1,2,0,1,0,0,0,2,0,0,0,NA,NA,NA,NA,0,0,0,0,0,0,1,0,0,0,0,1,1,1,0,1,0.827586206896552,0.944669591394477,0.691484941533503,2.79444444444444,-0.170426954675113
"210","dorodoro","muddy","Japanese","Other","vies","schoon","Collabra","dorodoro",1,1,0,0,0,2,2,0,1,0,0,0,2,0,0,0,NA,NA,NA,NA,0,0,0,0,0,0,1,1,0,0,0,2,1,1,0,1,0.655172413793103,0.39932306734955,-0.52501634449766,2.31052631578947,-0.762476490267689
"211","furafura","dizzy","Japanese","Other","duizelig","stabiel","Collabra","furafura",0,1,0,0,0,2,0,0,1,0,0,0,1,0,0,0,NA,NA,NA,NA,0,0,0,0,0,0,0,0,0,0,0,0,0,0,0,0,0.827586206896552,0.944669591394477,0.691484941533503,2.54210526315789,-0.479151274443326
"212","fuwafuwa","fluffy","Japanese","Texture","pluizig","houtig","Collabra","fuwafuwa",1,1,0,0,0,2,0,0,1,0,0,0,0,0,0,0,NA,NA,NA,NA,0,0,0,0,0,0,1,0,0,0,0,1,1,1,0,1,0.931034482758621,1.4835398594013,1.4213857131522,2.8421052631579,-0.112116335761764
"213","gayagaya","noisy","Japanese","Sound","lawaaiig","ingehouden","Collabra","gayagaya",2,1,0,0,0,1,2,0,1,1,1,1,1,0,0,0,NA,NA,NA,NA,1,1,0,0,0,0,0,0,0,1,0,0,0,1,1,2,0.827586206896552,0.944669591394477,0.691484941533503,2.47222222222222,-0.564649666592345
"214","gochagocha","messy","Japanese","Other","rommelig","opgeruimd","Collabra","gochagocha",1,1,0,0,0,2,1,0,1,0,1,1,1,0,0,0,NA,NA,NA,NA,0,1,0,0,0,0,0,0,0,1,0,0,0,1,0,1,0.586206896551724,0.217798379927398,-1.01161685891012,2.83888888888889,-0.116051408203769
"215","gokugoku","gulping","Japanese","Sound","slokkend","nippend","Collabra","gokugoku",2,1,0,0,0,2,1,0,1,1,1,0,1,0,0,0,NA,"aspect hard to decide",NA,NA,1,1,0,0,0,0,0,0,0,1,0,0,0,1,1,2,0.931034482758621,1.4835398594013,1.4213857131522,4.57368421052632,2.00638357347041
"216","gowagowa","stiff","Japanese","Texture","stijf","soepel","Collabra","gowagowa",0,1,0,0,0,2,2,0,1,0,0,0,1,0,0,0,NA,NA,NA,NA,0,0,0,0,0,0,0,0,0,0,0,0,0,0,0,0,0.482758620689655,-0.0432311911528176,-1.74151763052882,1.72222222222222,-1.48223701329625
"217","harahara","nervous","Japanese","Other","ongedurig","ontspannend","Collabra","harahara",0,1,0,0,0,1,0,0,1,0,0,0,1,0,0,0,NA,NA,NA,NA,0,0,0,0,0,0,0,0,0,0,0,0,0,0,0,0,0.551724137931034,0.130018583307083,-1.25491711611635,3.42777777777778,0.604424582541519
"218","hetoheto","exhausted","Japanese","Other","afgemat","uitgerust","Collabra","hetoheto",0,1,0,0,0,1,0,0,1,0,0,0,1,0,0,0,NA,NA,NA,NA,0,0,0,0,0,0,0,0,0,0,0,0,0,0,0,0,0.862068965517241,1.08966198194611,0.934785198739729,2.99444444444444,0.0742630044459298
"219","hikuhiku","twitchy","Japanese","Motion","geagiteerd","onbewogen","Collabra","hikuhiku",0,1,0,0,0,1,0,0,1,0,0,1,1,0,0,0,NA,NA,NA,NA,0,0,0,0,0,0,0,0,0,0,0,0,0,0,0,0,0.758620689655172,0.701872595421959,0.204884427121035,2.22,-0.873230892817213
"220","hisohiso","whispering","Japanese","Sound","fluisterend","roepend","Collabra","hisohiso",3,1,0,0,0,1,0,0,1,1,1,0,0,0,1,0,NA,NA,NA,NA,1,1,0,0,0,0,1,0,0,1,0,1,1,1,1,3,0.96551724137931,1.81864559285006,1.66468597035842,3.71111111111111,0.951068691296326
"221","hiyahiya","terrified","Japanese","Other","benauwd","moedig","Collabra","hiyahiya",0,1,0,0,0,0,0,0,1,0,0,0,1,0,0,0,NA,NA,NA,NA,0,0,0,0,0,0,0,0,0,0,0,0,0,0,0,0,0.413793103448276,-0.217798379927398,-2.22811814494128,2.565,-0.451140713333418
"222","hokahoka","steaming hot","Japanese","Other","dampend","afgekoeld","Collabra","hokahoka",1,1,0,0,0,2,0,0,1,0,1,0,1,0,0,0,NA,NA,NA,NA,0,1,0,0,0,0,0,0,0,1,0,0,0,1,0,1,0.724137931034483,0.595178533333279,-0.0384158300851923,1.71666666666667,-1.48903395660517
"223","kachikachi","tense","Japanese","Other","geprikkeld","bedaard","Collabra","kachikachi",0,1,0,0,0,0,0,0,1,0,0,0,1,0,0,0,NA,NA,NA,NA,0,0,0,0,0,0,0,0,0,0,0,0,0,0,0,0,0.689655172413793,0.494873163568623,-0.281716087291426,3.23333333333333,0.366531566729395
"224","kebakeba","gaudy","Japanese","Other","schreeuwerig","verfijnd","Collabra","kebakeba",0,1,0,0,0,0,1,0,1,0,0,1,1,0,0,0,NA,NA,NA,NA,0,0,0,0,0,0,0,0,0,0,0,0,0,0,0,0,0.724137931034483,0.595178533333279,-0.0384158300851923,2.41,-0.640775431652224
"225","kechikechi","stingy","Japanese","Other","gierig","gul","Collabra","kechikechi",0,1,0,0,0,0,0,0,1,0,0,0,1,0,0,0,NA,NA,NA,NA,0,0,0,0,0,0,0,0,0,0,0,0,0,0,0,0,0.724137931034483,0.595178533333279,-0.0384158300851923,2.99,0.0688254497987952
"226","kibikibi","energetic","Japanese","Motion","energiek","futloos","Collabra","kibikibi",0,1,0,0,0,0,1,0,1,0,0,0,1,0,0,0,NA,NA,NA,NA,0,0,0,0,0,0,0,0,0,0,0,0,0,0,0,0,0.862068965517241,1.08966198194611,0.934785198739729,3.39473684210526,0.564000656546375
"227","kirakira","bright, sparkling","Japanese","ColorVisual","fonkelend","dof","Collabra","kirakira",3,1,0,0,0,0,0,0,1,0,1,0,0,0,0,0,NA,"M_irregular: depends on construal",NA,NA,0,1,0,0,0,0,1,1,0,1,0,2,1,1,1,2,0.896551724137931,1.26214517662281,1.17808545594596,3.24444444444444,0.380125453347231
"228","korokoro","rolling","Japanese","Motion","rollend","zwevend","Collabra","korokoro",1,1,0,0,0,2,0,0,1,0,1,0,1,0,1,0,NA,NA,NA,NA,0,1,0,0,0,0,0,0,0,1,0,0,0,1,0,1,0.793103448275862,0.8172368220294,0.448184684327268,3.21666666666667,0.346140736802642
"229","mojimoji","reluctant","Japanese","Other","aarzelend","overtuigd","Collabra","mojimoji",0,1,0,0,0,1,2,0,1,0,0,0,1,0,0,0,NA,NA,NA,NA,0,0,0,0,0,0,0,0,0,0,0,0,0,0,0,0,0.551724137931034,0.130018583307083,-1.25491711611635,3.70555555555556,0.94427174798741
"230","morimori","swelling","Japanese","Shape","opzwellend","slinkend","Collabra","morimori",1,1,0,0,0,1,2,0,1,0,0,0,2,0,0,0,NA,NA,NA,NA,0,0,0,0,0,0,1,0,0,0,0,1,1,1,0,1,0.448275862068966,-0.130018583307083,-1.98481788773504,2.02105263157895,-1.11663301004814
"231","mushimushi","humid","Japanese","Texture","vochtig","droog","Collabra","mushimushi",0,1,0,0,0,1,1,0,1,0,0,0,1,0,0,0,NA,NA,NA,NA,0,0,0,0,0,0,0,0,0,0,0,0,0,0,0,0,0.931034482758621,1.4835398594013,1.4213857131522,4.165,1.50637895963491
"232","nikoniko","smiling","Japanese","Other","grijnzend","fronsend","Collabra","nikoniko",0,1,0,0,0,1,1,0,1,0,0,0,1,0,0,0,NA,NA,NA,NA,0,0,0,0,0,0,0,0,0,0,0,0,0,0,0,0,0.655172413793103,0.39932306734955,-0.52501634449766,2.23684210526316,-0.852625422575442
"233","sekaseka","hastily","Japanese","Motion","haastig","geduldig","Collabra","sekaseka",0,1,0,0,0,0,0,0,1,0,0,0,1,0,0,0,NA,NA,NA,NA,0,0,0,0,0,0,0,0,0,0,0,0,0,0,0,0,0.758620689655172,0.701872595421959,0.204884427121035,3.62777777777778,0.84911454166256
"234","tsuyatsuya","shiny","Japanese","Other","glanzend","mat","Collabra","tsuyatsuya",1,1,0,0,0,2,0,0,1,0,0,0,0,0,0,0,NA,NA,NA,NA,0,0,0,0,0,0,1,0,0,0,0,1,1,1,0,1,0.620689655172414,0.307292571201156,-0.768316601703887,2.55263157894737,-0.466272855542218
"235","ujauja","crowded","Japanese","ColorVisual","krioelend","onbezet","Collabra","ujauja",1,1,0,0,0,2,2,0,1,0,1,1,1,0,1,0,NA,NA,NA,NA,0,1,0,0,0,0,0,0,0,1,0,0,0,1,0,1,0.793103448275862,0.8172368220294,0.448184684327268,3.035,0.123880690601029
"236","ukiuki","cheerful","Japanese","Other","vrolijk","verdrietig","Collabra","ukiuki",0,1,0,0,0,1,0,0,1,0,0,0,1,0,0,0,NA,NA,NA,NA,0,0,0,0,0,0,0,0,0,0,0,0,0,0,0,0,0.620689655172414,0.307292571201156,-0.768316601703887,4,1.30450974336005
"237","yoroyoro","unsteady/tottering","Japanese","Other","waggelend","bestendig","Collabra","yoroyoro",1,1,0,0,0,2,1,0,1,0,1,1,1,0,1,0,NA,NA,NA,NA,0,1,0,0,0,0,0,0,0,1,0,0,0,1,0,1,0.586206896551724,0.217798379927398,-1.01161685891012,3.10555555555556,0.210201870624286
"238","yurayura","wobbling","Japanese","Motion","wiebelend","stilzittend","Collabra","yurayura",1,1,0,0,0,2,1,0,1,0,1,1,1,0,1,0,NA,NA,NA,NA,0,1,0,0,0,0,0,0,0,1,0,0,0,1,0,1,0.793103448275862,0.8172368220294,0.448184684327268,3.25,0.386922396656148
"239","zukezuke","blunt","Japanese","Shape","kortaf","beleefd","Collabra","zukezuke",0,1,0,0,0,1,1,0,1,0,0,0,1,0,0,0,NA,NA,NA,NA,0,0,0,0,0,0,0,0,0,0,0,0,0,0,0,0,0.517241379310345,0.0432311911528176,-1.49821737332258,2.68888888888889,-0.29956887754455
